startIp,endIp,ipVersion,serviceName,serviceUrl,exitNodeType,lastSeen,lastSeenStr,exitNodeRegion,hostname,countryCode,cityName,latitude,longitude
136.23.59.208,136.23.59.215,4,VPN by Google,https://support.google.com/pixelphone/answer/2819573?hl=en,vpn_server,1768871778309,2026-01-20T01:16:18.309Z,Indianapolis,,US,Indianapolis,,
2606:0040:2201:c000:0000:0000:0000:0000,2606:0040:2201:c3ff:ffff:ffff:ffff:ffff,6,VPN by Google,https://support.google.com/pixelphone/answer/2819573?hl=en,vpn_server,1768871779145,2026-01-20T01:16:19.145Z,Weinheim,,DE,Weinheim,,
89.251.0.154,89.251.0.154,4,ExpressVPN,https://expressvpn.com,exit_node,1764686564776,2025-12-02T14:42:44.776Z,Canada - Toronto - 2,,CA,Toronto,43.70643,-79.39864
173.244.49.93,173.244.49.93,4,Private Internet Access,https://privateinternetaccess.com,vpn_server,1768569224145,2026-01-16T13:13:44.145Z,,taiwan.privacy.network,,,,
128.90.119.28,128.90.119.28,4,VyperVPN,https://vypervpn.com,exit_node,1768439993869,2026-01-15T01:19:53.869Z,Uruguay,,UY,,,
156.59.29.231,156.59.29.231,4,TunnelBear,https://tunnelbear.com,exit_node,1768871778085,2026-01-20T01:16:18.085Z,,,,,,
156.59.233.200,156.59.233.200,4,IPVanish,https://ipvanish.com,vpn_server,1768569224138,2026-01-16T13:13:44.138Z,"Manila, Philippines",mnl-c07.ipvanish.com,,,,
194.5.82.143,194.5.82.143,4,ExpressVPN,https://expressvpn.com,exit_node,1764677031910,2025-12-02T12:03:51.910Z,Singapore - CBD,,SG,CBD,,
2606:0040:a2f3:0000:0000:0000:0000:0000,2606:0040:a2f3:ffff:ffff:ffff:ffff:ffff,6,VPN by Google,https://support.google.com/pixelphone/answer/2819573?hl=en,vpn_server,1768871780770,2026-01-20T01:16:20.770Z,Newcastle,,AU,Newcastle,,
173.239.216.48,173.239.216.48,4,ExpressVPN,https://expressvpn.com,exit_node,1764706758270,2025-12-02T20:19:18.270Z,Switzerland,,CH,,,
62.197.156.21,62.197.156.21,4,Surfshark,https://surfshark.com,exit_node,1768529246091,2026-01-16T02:07:26.091Z,lk-cmb.prod.surfshark.com_udp.ovpn,,LK,colombo,6.93548,79.84868
79.127.160.187,79.127.160.187,4,ProtonVPN,https://protonvpn.com,vpn_server,1768569224146,2026-01-16T13:13:44.146Z,"Boston, United States",node-us-317.protonvpn.net,,,,
45.83.127.5,45.83.127.5,4,ProtonVPN,https://protonvpn.com,exit_node,1768207411607,2026-01-12T08:43:31.607Z,,,,,,
193.32.248.237,193.32.248.237,4,MullvadVPN,https://mullvad.net,exit_node,1768535589709,2026-01-16T03:53:09.709Z,de-ber-wg-008,,de,Berlin,52.52437,13.41053
185.236.200.246,185.236.200.246,4,ProtonVPN,https://protonvpn.com,exit_node,1768871778227,2026-01-20T01:16:18.227Z,,,,,,
2606:0040:2504:ac00:0000:0000:0000:0000,2606:0040:2504:afff:ffff:ffff:ffff:ffff,6,VPN by Google,https://support.google.com/pixelphone/answer/2819573?hl=en,vpn_server,1768871779394,2026-01-20T01:16:19.394Z,Virginia Beach,,US,Virginia Beach,,
173.245.206.56,173.245.206.56,4,IPVanish,https://ipvanish.com,vpn_server,1768569224138,2026-01-16T13:13:44.138Z,"Amsterdam, Netherlands",ams-c50.ipvanish.com,,,,
45.91.22.63,45.91.22.63,4,ExpressVPN,https://expressvpn.com,exit_node,1764689547931,2025-12-02T15:32:27.931Z,France - Paris - 1,,FR,Paris,48.85341,2.3488
98.159.234.49,98.159.234.49,4,Private Internet Access,https://privateinternetaccess.com,exit_node,1768243076154,2026-01-12T18:37:56.154Z,,,,,,
45.250.255.9,45.250.255.9,4,PureVPN,https://purevpn.com,vpn_server,1768569224146,2026-01-16T13:13:44.146Z,"Tokyo, Japan",jp2-auto-udp.ptoserver.com,,,,
2606:0040:90ac:0000:0000:0000:0000:0000,2606:0040:90ac:ffff:ffff:ffff:ffff:ffff,6,VPN by Google,https://support.google.com/pixelphone/answer/2819573?hl=en,vpn_server,1768871780101,2026-01-20T01:16:20.101Z,Giessen,,DE,Giessen,,
185.132.187.32,185.132.187.32,4,ExpressVPN,https://expressvpn.com,exit_node,1768255338559,2026-01-12T22:02:18.559Z,,,,,,
103.231.91.114,103.231.91.114,4,MullvadVPN,https://mullvad.net,vpn_server,1768569125547,2026-01-16T13:12:05.547Z,New Zealand,,,,,
162.120.136.117,162.120.136.117,4,VPN by Google,https://support.google.com/pixelphone/answer/2819573?hl=en,vpn_server,1768871779738,2026-01-20T01:16:19.738Z,Fort Bragg,,US,Fort Bragg,,
94.237.38.10,94.237.38.10,4,SaferVPN,https://safervpn.com,vpn_server,1768569126056,2026-01-16T13:12:06.056Z,Finland TCP,,,,,
62.197.150.68,62.197.150.68,4,Surfshark,https://surfshark.com,exit_node,1768486181845,2026-01-15T14:09:41.845Z,li-qvu.prod.surfshark.com_udp.ovpn,,LI,vaduz,47.14151,9.52154
2606:0040:957c:0000:0000:0000:0000:0000,2606:0040:957c:ffff:ffff:ffff:ffff:ffff,6,VPN by Google,https://support.google.com/pixelphone/answer/2819573?hl=en,vpn_server,1768871780271,2026-01-20T01:16:20.271Z,Hirakata,,JP,Hirakata,,
45.133.6.15,45.133.6.15,4,ExpressVPN,https://expressvpn.com,exit_node,1764692492094,2025-12-02T16:21:32.094Z,Australia - Perth,,AU,Perth,-31.95224,115.8614
108.171.108.120,108.171.108.120,4,IPVanish,https://ipvanish.com,vpn_server,1768569173215,2026-01-16T13:12:53.215Z,ipvanish-SG-Singapore-sin-a20,,,,,
62.204.45.71,62.204.45.71,4,NordVPN,https://nordvpn.com,exit_node,1767955835701,2026-01-09T10:50:35.701Z,nl994,,NL,,,
2606:0040:8937:0000:0000:0000:0000:0000,2606:0040:8937:ffff:ffff:ffff:ffff:ffff,6,VPN by Google,https://support.google.com/pixelphone/answer/2819573?hl=en,vpn_server,1768871779837,2026-01-20T01:16:19.837Z,Wilmington,,US,Wilmington,,
45.146.54.168,45.146.54.168,4,ExpressVPN,https://expressvpn.com,exit_node,1764685744571,2025-12-02T14:29:04.571Z,USA - San Francisco,,US,San Francisco,37.77493,-122.41942
141.98.255.243,141.98.255.243,4,MullvadVPN,https://mullvad.net,exit_node,1768567486429,2026-01-16T12:44:46.429Z,se-mma-wg-004,,se,Malmö,55.60587,13.00073
2606:0040:2108:0000:0000:0000:0000:0000,2606:0040:2108:03ff:ffff:ffff:ffff:ffff,6,VPN by Google,https://support.google.com/pixelphone/answer/2819573?hl=en,vpn_server,1768871778930,2026-01-20T01:16:18.930Z,Suginami,,JP,Suginami,,
216.131.87.180,216.131.87.180,4,IPVanish,https://ipvanish.com,vpn_server,1768569224139,2026-01-16T13:13:44.139Z,"Miami, United States",mia-c09.ipvanish.com,,,,
146.70.176.242,146.70.176.242,4,Windscribe,https://windscribe.com,vpn_server,1768569224147,2026-01-16T13:13:44.147Z,,be-007.whiskergalaxy.com,,,,
194.242.49.147,194.242.49.147,4,NordVPN,https://nordvpn.com,exit_node,1765837179156,2025-12-15T22:19:39.156Z,us11913,,US,,,
2606:0040:20ee:a000:0000:0000:0000:0000,2606:0040:20ee:a3ff:ffff:ffff:ffff:ffff,6,VPN by Google,https://support.google.com/pixelphone/answer/2819573?hl=en,vpn_server,1768871778904,2026-01-20T01:16:18.904Z,Spring Valley,,US,Spring Valley,,
217.216.124.6,217.216.124.6,4,NordVPN,https://nordvpn.com,exit_node,1768411043804,2026-01-14T17:17:23.804Z,fr1060,,FR,,,
185.223.152.76,185.223.152.76,4,ExpressVPN,https://expressvpn.com,exit_node,1764694393513,2025-12-02T16:53:13.513Z,USA - Los Angeles - 3,,US,Los Angeles,34.05223,-118.24368
216.238.120.253,216.238.120.253,4,TunnelBear,https://tunnelbear.com,exit_node,1768871778085,2026-01-20T01:16:18.085Z,,,,,,
95.216.183.164,95.216.183.164,4,V2Ray,,vpn_server,1768569126287,2026-01-16T13:12:06.287Z,,,,,,
46.183.218.151,46.183.218.151,4,AirVPN,https://airvpn.org,exit_node,1768562462755,2026-01-16T11:21:02.755Z,,,,,,
102.129.252.39,102.129.252.39,4,Private Internet Access,https://privateinternetaccess.com,exit_node,1768181855958,2026-01-12T01:37:35.958Z,us_silicon_valley,,US,,,
2606:0040:2202:c000:0000:0000:0000:0000,2606:0040:2202:c3ff:ffff:ffff:ffff:ffff,6,VPN by Google,https://support.google.com/pixelphone/answer/2819573?hl=en,vpn_server,1768871779147,2026-01-20T01:16:19.147Z,Langen,,DE,Langen,,
155.94.246.130,155.94.246.130,4,Windscribe,https://windscribe.com,vpn_server,1768569219235,2026-01-16T13:13:39.235Z,US Central,,,,,
87.249.133.84,87.249.133.84,4,Surfshark,https://surfshark.com,exit_node,1766905134232,2025-12-28T06:58:54.232Z,at-vie.prod.surfshark.com_udp.ovpn,,AT,vienna,48.20849,16.37208
136.23.21.23,136.23.21.23,4,VPN by Google,https://support.google.com/pixelphone/answer/2819573?hl=en,vpn_server,1768871779470,2026-01-20T01:16:19.470Z,KI,,KI,,,
185.128.9.17,185.128.9.17,4,NordVPN,https://nordvpn.com,vpn_server,1768490963000,2026-01-15T15:29:23.000Z,,,,,,
216.131.110.148,216.131.110.148,4,IPVanish,https://ipvanish.com,vpn_server,1768569224138,2026-01-16T13:13:44.138Z,"Vienna, Austria",vie-c09.ipvanish.com,,,,
91.107.155.145,91.107.155.145,4,V2Ray,,vpn_server,1768569126262,2026-01-16T13:12:06.262Z,,,,,,
62.182.99.32,62.182.99.32,4,NordVPN,https://nordvpn.com,vpn_server,1768569224140,2026-01-16T13:13:44.140Z,"New York, United States",us5818.nordvpn.com,,,,
2001:ac8:20:276::f001,2001:ac8:20:276::f001,6,MullvadVPN,https://mullvad.net,vpn_server,1768569224139,2026-01-16T13:13:44.139Z,"Frankfurt, Germany",de-fra-wg-103,,,,
191.96.67.176,191.96.67.176,4,Private Internet Access,https://privateinternetaccess.com,vpn_server,1768569224145,2026-01-16T13:13:44.145Z,,us-houston.privacy.network,,,,
162.120.246.152,162.120.246.159,4,VPN by Google,https://support.google.com/pixelphone/answer/2819573?hl=en,vpn_server,1768871778716,2026-01-20T01:16:18.716Z,Newcastle upon Tyne,,GB,Newcastle upon Tyne,,
2606:0040:9d67:0000:0000:0000:0000:0000,2606:0040:9d67:ffff:ffff:ffff:ffff:ffff,6,VPN by Google,https://support.google.com/pixelphone/answer/2819573?hl=en,vpn_server,1768871780563,2026-01-20T01:16:20.563Z,Gijon,,ES,Gijon,,
2606:0040:81b4:0000:0000:0000:0000:0000,2606:0040:81b4:ffff:ffff:ffff:ffff:ffff,6,VPN by Google,https://support.google.com/pixelphone/answer/2819573?hl=en,vpn_server,1768871779580,2026-01-20T01:16:19.580Z,Fort Myers,,US,Fort Myers,,
217.217.121.122,217.217.121.122,4,NordVPN,https://nordvpn.com,vpn_server,1768490963000,2026-01-15T15:29:23.000Z,,,,,,
84.239.6.223,84.239.6.223,4,Private Internet Access,https://privateinternetaccess.com,vpn_server,1768569224145,2026-01-16T13:13:44.145Z,,us-kentucky.pvt.site,,,,
162.120.130.240,162.120.130.240,4,VPN by Google,https://support.google.com/pixelphone/answer/2819573?hl=en,vpn_server,1768871779605,2026-01-20T01:16:19.605Z,Concord,,US,Concord,,
162.120.163.142,162.120.163.142,4,VPN by Google,https://support.google.com/pixelphone/answer/2819573?hl=en,vpn_server,1768871780794,2026-01-20T01:16:20.794Z,Gwangju-si,,KR,Gwangju-si,,
84.239.12.19,84.239.12.19,4,Private Internet Access,https://privateinternetaccess.com,exit_node,1768245687604,2026-01-12T19:21:27.604Z,,,,,,
95.181.232.12,95.181.232.12,4,Private Internet Access,https://privateinternetaccess.com,exit_node,1768469904941,2026-01-15T09:38:24.941Z,morocco,,MA,,,
162.120.145.30,162.120.145.31,4,VPN by Google,https://support.google.com/pixelphone/answer/2819573?hl=en,vpn_server,1768871779900,2026-01-20T01:16:19.900Z,Tamiami,,US,Tamiami,,
2606:0040:2182:e000:0000:0000:0000:0000,2606:0040:2182:e3ff:ffff:ffff:ffff:ffff,6,VPN by Google,https://support.google.com/pixelphone/answer/2819573?hl=en,vpn_server,1768871779039,2026-01-20T01:16:19.039Z,Tulancingo,,MX,Tulancingo,,
2606:6080:1001:14:2c8c:b6f2:37cb:b213,2606:6080:1001:14:2c8c:b6f2:37cb:b213,6,AirVPN,https://airvpn.org,vpn_server,1768569224137,2026-01-16T13:13:44.137Z,"Toronto Ontario, Canada",ca3.ipv6.vpn.airdns.org,,,,
149.22.84.139,149.22.84.139,4,ProtonVPN,https://protonvpn.com,vpn_server,1768569224146,2026-01-16T13:13:44.146Z,"San Jose, United States",node-us-287.protonvpn.net,,,,
198.13.55.208,198.13.55.208,4,TunnelBear,https://tunnelbear.com,exit_node,1768871777967,2026-01-20T01:16:17.967Z,,,,,,
162.120.202.236,162.120.202.236,4,VPN by Google,https://support.google.com/pixelphone/answer/2819573?hl=en,vpn_server,1768871778461,2026-01-20T01:16:18.461Z,Merida,,MX,Merida,,
207.204.248.37,207.204.248.37,4,IPVanish,https://ipvanish.com,vpn_server,1768569224139,2026-01-16T13:13:44.139Z,"Houston, United States",hou-c05.ipvanish.com,,,,
216.238.123.18,216.238.123.18,4,TunnelBear,https://tunnelbear.com,exit_node,1768871778123,2026-01-20T01:16:18.123Z,,,,,,
173.255.161.53,173.255.161.53,4,IPVanish,https://ipvanish.com,vpn_server,1768569202959,2026-01-16T13:13:22.959Z,ipvanish-US-New-York-nyc-a51,,,,,
2606:0040:21a1:4000:0000:0000:0000:0000,2606:0040:21a1:43ff:ffff:ffff:ffff:ffff,6,VPN by Google,https://support.google.com/pixelphone/answer/2819573?hl=en,vpn_server,1768871779062,2026-01-20T01:16:19.062Z,Bremen,,DE,Bremen,,
65.20.102.219,65.20.102.219,4,TunnelBear,https://tunnelbear.com,exit_node,1768871778161,2026-01-20T01:16:18.161Z,,,,,,
146.70.173.140,146.70.173.140,4,MullvadVPN,https://mullvad.net,exit_node,1768476645985,2026-01-15T11:30:45.985Z,us-lax-wg-403,,us,Los Angeles,34.05223,-118.24368
2606:0040:2225:0000:0000:0000:0000:0000,2606:0040:2225:03ff:ffff:ffff:ffff:ffff,6,VPN by Google,https://support.google.com/pixelphone/answer/2819573?hl=en,vpn_server,1768871779175,2026-01-20T01:16:19.175Z,Collado Villalba,,ES,Collado Villalba,,
162.120.145.166,162.120.145.167,4,VPN by Google,https://support.google.com/pixelphone/answer/2819573?hl=en,vpn_server,1768871779919,2026-01-20T01:16:19.919Z,Columbia,,US,Columbia,,
203.188.175.82,203.188.175.82,4,ExpressVPN,https://expressvpn.com,exit_node,1768407208728,2026-01-14T16:13:28.728Z,,,,,,
2a02:7ac0:0:1100::3,2a02:7ac0:0:1100::3,6,VPNTunnel,https://vpntunnel.com,vpn_server,1768569126193,2026-01-16T13:12:06.193Z,SwedenStockholm.ipv6.udp.1193,,,,,
2606:0040:8b01:0000:0000:0000:0000:0000,2606:0040:8b01:ffff:ffff:ffff:ffff:ffff,6,VPN by Google,https://support.google.com/pixelphone/answer/2819573?hl=en,vpn_server,1768871779897,2026-01-20T01:16:19.897Z,Gadsden,,US,Gadsden,,
162.120.174.233,162.120.174.233,4,VPN by Google,https://support.google.com/pixelphone/answer/2819573?hl=en,vpn_server,1768871780940,2026-01-20T01:16:20.940Z,Stuttgart,,DE,Stuttgart,,
162.120.151.76,162.120.151.77,4,VPN by Google,https://support.google.com/pixelphone/answer/2819573?hl=en,vpn_server,1768871780060,2026-01-20T01:16:20.060Z,Ontario,,US,Ontario,,
207.204.248.61,207.204.248.61,4,IPVanish,https://ipvanish.com,vpn_server,1768569224139,2026-01-16T13:13:44.139Z,"Houston, United States",hou-c09.ipvanish.com,,,,
162.120.173.153,162.120.173.153,4,VPN by Google,https://support.google.com/pixelphone/answer/2819573?hl=en,vpn_server,1768871780504,2026-01-20T01:16:20.504Z,Bethune,,FR,Bethune,,
169.150.201.32,169.150.201.32,4,MullvadVPN,https://mullvad.net,exit_node,1768529575643,2026-01-16T02:12:55.643Z,de-fra-wg-403,,de,Frankfurt,50.11552,8.68417
2606:0040:8cec:0000:0000:0000:0000:0000,2606:0040:8cec:ffff:ffff:ffff:ffff:ffff,6,VPN by Google,https://support.google.com/pixelphone/answer/2819573?hl=en,vpn_server,1768871779970,2026-01-20T01:16:19.970Z,Bielefeld,,DE,Bielefeld,,
162.120.212.86,162.120.212.86,4,VPN by Google,https://support.google.com/pixelphone/answer/2819573?hl=en,vpn_server,1768871778585,2026-01-20T01:16:18.585Z,Marburg,,DE,Marburg,,
129.227.90.148,129.227.90.148,4,TunnelBear,https://tunnelbear.com,exit_node,1768871778176,2026-01-20T01:16:18.176Z,,,,,,
144.48.39.179,144.48.39.179,4,NordVPN,https://nordvpn.com,vpn_server,1768569224139,2026-01-16T13:13:44.139Z,"Brisbane, Australia",au737.nordvpn.com,,,,
89.222.103.174,89.222.103.174,4,Surfshark,https://surfshark.com,vpn_server,1768569224146,2026-01-16T13:13:44.146Z,"Atlanta, United States",us-atl.prod.surfshark.com,,,,
151.240.205.72,151.240.205.72,4,Private Internet Access,https://privateinternetaccess.com,exit_node,1768370258883,2026-01-14T05:57:38.883Z,,,,,,
68.235.46.105,68.235.46.105,4,MullvadVPN,https://mullvad.net,exit_node,1768545060512,2026-01-16T06:31:00.512Z,us-chi-wg-304,,us,Chicago,41.85003,-87.65005
217.216.97.129,217.216.97.129,4,NordVPN,https://nordvpn.com,exit_node,1767815544888,2026-01-07T19:52:24.888Z,Germany #1312,,DE,Frankfurt,50.116667,8.683333
172.98.32.35,172.98.32.35,4,ExpressVPN,https://expressvpn.com,exit_node,1768555879833,2026-01-16T09:31:19.833Z,,,,,,
172.67.192.253,172.67.192.253,4,V2Ray,,vpn_server,1768569126279,2026-01-16T13:12:06.279Z,,,,,,
146.70.230.116,146.70.230.116,4,ProtonVPN,https://protonvpn.com,exit_node,1768871778212,2026-01-20T01:16:18.212Z,,,,,,
38.246.33.39,38.246.33.39,4,TunnelBear,https://tunnelbear.com,exit_node,1768871778115,2026-01-20T01:16:18.115Z,,,,,,
130.195.240.19,130.195.240.19,4,ProtonVPN,https://protonvpn.com,exit_node,1768419340548,2026-01-14T19:35:40.548Z,,,,,,
216.131.87.64,216.131.87.64,4,IPVanish,https://ipvanish.com,exit_node,1768266678362,2026-01-13T01:11:18.362Z,,,,,,
2.58.73.192,2.58.73.192,4,NordVPN,https://nordvpn.com,exit_node,1768354441474,2026-01-14T01:34:01.474Z,uk2340,,GB,,,
81.17.24.165,81.17.24.165,4,IVPN,https://ivpn.net,vpn_server,1768569221717,2026-01-16T13:13:41.717Z,"Zurich, Switzerland",,,,,
185.247.70.171,185.247.70.171,4,NordVPN,https://nordvpn.com,vpn_server,1768569224140,2026-01-16T13:13:44.140Z,"Dallas, United States",us8116.nordvpn.com,,,,
2606:0040:8c58:0000:0000:0000:0000:0000,2606:0040:8c58:ffff:ffff:ffff:ffff:ffff,6,VPN by Google,https://support.google.com/pixelphone/answer/2819573?hl=en,vpn_server,1768871779947,2026-01-20T01:16:19.947Z,Siegen,,DE,Siegen,,
38.248.89.67,38.248.89.67,4,TunnelBear,https://tunnelbear.com,exit_node,1768871778147,2026-01-20T01:16:18.147Z,,,,,,
162.120.227.135,162.120.227.135,4,VPN by Google,https://support.google.com/pixelphone/answer/2819573?hl=en,vpn_server,1768871778683,2026-01-20T01:16:18.683Z,Karlovy Vary,,CZ,Karlovy Vary,,
165.227.131.1,165.227.131.1,4,TunnelBear,https://tunnelbear.com,exit_node,1768871777901,2026-01-20T01:16:17.901Z,,,,,,
162.120.162.54,162.120.162.54,4,VPN by Google,https://support.google.com/pixelphone/answer/2819573?hl=en,vpn_server,1768871780238,2026-01-20T01:16:20.238Z,Hamamatsu,,JP,Hamamatsu,,
136.23.27.17,136.23.27.17,4,VPN by Google,https://support.google.com/pixelphone/answer/2819573?hl=en,vpn_server,1768871779455,2026-01-20T01:16:19.455Z,CK,,CK,,,
95.85.21.13,95.85.21.13,4,VPN Unlimited,https://vpnunlimitedapp.com,vpn_server,1768569224147,2026-01-16T13:13:44.147Z,,nl.vpnunlimitedapp.com,,,,
45.90.222.114,45.90.222.114,4,NordVPN,https://nordvpn.com,vpn_server,1768490963000,2026-01-15T15:29:23.000Z,,,,,,
185.216.35.107,185.216.35.107,4,PureVPN,https://purevpn.com,exit_node,1768529627726,2026-01-16T02:13:47.726Z,,,,,,
212.102.46.55,212.102.46.55,4,Surfshark,https://surfshark.com,exit_node,1767770826395,2026-01-07T07:27:06.395Z,us-sea.prod.surfshark.com_udp.ovpn,,US,seattle,47.60621,-122.33207
2606:0040:9a92:0000:0000:0000:0000:0000,2606:0040:9a92:ffff:ffff:ffff:ffff:ffff,6,VPN by Google,https://support.google.com/pixelphone/answer/2819573?hl=en,vpn_server,1768871780460,2026-01-20T01:16:20.460Z,Veldhoven,,NL,Veldhoven,,
185.181.103.9,185.181.103.9,4,TunnelBear,https://tunnelbear.com,exit_node,1768871777955,2026-01-20T01:16:17.955Z,,,,,,
212.32.48.76,212.32.48.76,4,Private Internet Access,https://privateinternetaccess.com,vpn_server,1768569224145,2026-01-16T13:13:44.145Z,,ca-toronto.privacy.network,,,,
2606:0040:22ce:e000:0000:0000:0000:0000,2606:0040:22ce:e3ff:ffff:ffff:ffff:ffff,6,VPN by Google,https://support.google.com/pixelphone/answer/2819573?hl=en,vpn_server,1768871779280,2026-01-20T01:16:19.280Z,Ashton-under-Lyne,,GB,Ashton-under-Lyne,,
2606:0040:9266:0000:0000:0000:0000:0000,2606:0040:9266:ffff:ffff:ffff:ffff:ffff,6,VPN by Google,https://support.google.com/pixelphone/answer/2819573?hl=en,vpn_server,1768871780165,2026-01-20T01:16:20.165Z,Flensburg,,DE,Flensburg,,
2606:0040:a4e9:0000:0000:0000:0000:0000,2606:0040:a4e9:ffff:ffff:ffff:ffff:ffff,6,VPN by Google,https://support.google.com/pixelphone/answer/2819573?hl=en,vpn_server,1768871780840,2026-01-20T01:16:20.840Z,Boucherville,,CA,Boucherville,,
37.23.86.38,37.23.86.38,4,VpnGate,https://www.vpngate.net/en/,exit_node,1768871778250,2026-01-20T01:16:18.250Z,,,,,,
193.176.211.26,193.176.211.26,4,ExpressVPN,https://expressvpn.com,exit_node,1768519381532,2026-01-15T23:23:01.532Z,,,,,,
181.215.176.51,181.215.176.51,4,Private Internet Access,https://privateinternetaccess.com,exit_node,1767675878066,2026-01-06T05:04:38.066Z,,,,,,
79.127.149.2,79.127.149.2,4,Windscribe,https://windscribe.com,vpn_server,1768569219235,2026-01-16T13:13:39.235Z,Nigeria,,,,,
104.18.8.83,104.18.8.83,4,V2Ray,,vpn_server,1768569126286,2026-01-16T13:12:06.286Z,,,,,,
204.8.98.83,204.8.98.83,4,AirVPN,https://airvpn.org,vpn_server,1768569224137,2026-01-16T13:13:44.137Z,"Dallas Texas, United States",us4.vpn.airdns.org,,,,
129.227.238.198,129.227.238.198,4,TunnelBear,https://tunnelbear.com,exit_node,1768871778004,2026-01-20T01:16:18.004Z,,,,,,
116.90.74.147,116.90.74.147,4,NordVPN,https://nordvpn.com,vpn_server,1768569224140,2026-01-16T13:13:44.140Z,"Auckland, New Zealand",nz104.nordvpn.com,,,,
93.152.220.229,93.152.220.229,4,Surfshark,https://surfshark.com,vpn_server,1768569224147,2026-01-16T13:13:44.147Z,"Salt Lake City, United States",us-slc.prod.surfshark.com,,,,
23.234.109.3,23.234.109.3,4,MullvadVPN,https://mullvad.net,vpn_server,1768569224139,2026-01-16T13:13:44.139Z,"Atlanta GA, USA",us-atl-wg-403,,,,
162.120.149.127,162.120.149.127,4,VPN by Google,https://support.google.com/pixelphone/answer/2819573?hl=en,vpn_server,1768871780022,2026-01-20T01:16:20.022Z,Victorville,,US,Victorville,,
188.241.144.142,188.241.144.142,4,NordVPN,https://nordvpn.com,exit_node,1768333007274,2026-01-13T19:36:47.274Z,uk2258,,GB,,,
136.23.26.19,136.23.26.19,4,VPN by Google,https://support.google.com/pixelphone/answer/2819573?hl=en,vpn_server,1768871779462,2026-01-20T01:16:19.462Z,EC,,EC,,,
2606:0040:20de:2800:0000:0000:0000:0000,2606:0040:20de:2bff:ffff:ffff:ffff:ffff,6,VPN by Google,https://support.google.com/pixelphone/answer/2819573?hl=en,vpn_server,1768871778884,2026-01-20T01:16:18.884Z,Des Moines,,US,Des Moines,,
2606:0040:85f0:0000:0000:0000:0000:0000,2606:0040:85f0:ffff:ffff:ffff:ffff:ffff,6,VPN by Google,https://support.google.com/pixelphone/answer/2819573?hl=en,vpn_server,1768871779727,2026-01-20T01:16:19.727Z,Fort Wayne,,US,Fort Wayne,,
185.108.105.103,185.108.105.103,4,Surfshark,https://surfshark.com,vpn_server,1768569224146,2026-01-16T13:13:44.146Z,"Glasgow, United Kingdom",uk-gla.prod.surfshark.com,,,,
217.138.162.10,217.138.162.10,4,Private Internet Access,https://privateinternetaccess.com,exit_node,1768346366642,2026-01-13T23:19:26.642Z,,,,,,
46.246.3.37,46.246.3.37,4,Private Internet Access,https://privateinternetaccess.com,vpn_server,1768569223709,2026-01-16T13:13:43.709Z,,,,,,
45.83.127.22,45.83.127.22,4,ProtonVPN,https://protonvpn.com,exit_node,1768280608612,2026-01-13T05:03:28.612Z,,,,,,
162.120.136.151,162.120.136.151,4,VPN by Google,https://support.google.com/pixelphone/answer/2819573?hl=en,vpn_server,1768871779742,2026-01-20T01:16:19.742Z,Montville,,US,Montville,,
196.244.192.12,196.244.192.12,4,ExpressVPN,https://expressvpn.com,exit_node,1768502626738,2026-01-15T18:43:46.738Z,,,,,,
185.255.126.60,185.255.126.60,4,ExpressVPN,https://expressvpn.com,exit_node,1764682575115,2025-12-02T13:36:15.115Z,France - Alsace,,FR,Alsace,,
140.238.90.210,140.238.90.210,4,V2Ray,,vpn_server,1768569126245,2026-01-16T13:12:06.245Z,,,,,,
2606:0040:21c4:6400:0000:0000:0000:0000,2606:0040:21c4:67ff:ffff:ffff:ffff:ffff,6,VPN by Google,https://support.google.com/pixelphone/answer/2819573?hl=en,vpn_server,1768871779090,2026-01-20T01:16:19.090Z,Traunreut,,DE,Traunreut,,
206.189.135.13,206.189.135.13,4,V2Ray,,vpn_server,1768569126225,2026-01-16T13:12:06.225Z,,,,,,
5.78.72.175,5.78.72.175,4,V2Ray,,vpn_server,1768569126294,2026-01-16T13:12:06.294Z,,,,,,
45.76.46.82,45.76.46.82,4,TunnelBear,https://tunnelbear.com,exit_node,1768871778020,2026-01-20T01:16:18.020Z,,,,,,
84.239.43.25,84.239.43.25,4,Private Internet Access,https://privateinternetaccess.com,vpn_server,1768569224145,2026-01-16T13:13:44.145Z,,us-baltimore.privacy.network,,,,
149.36.50.1,149.36.50.1,4,Windscribe,https://windscribe.com,vpn_server,1768569219235,2026-01-16T13:13:39.235Z,Germany,,,,,
38.246.33.99,38.246.33.99,4,TunnelBear,https://tunnelbear.com,exit_node,1768871778047,2026-01-20T01:16:18.047Z,,,,,,
45.86.202.152,45.86.202.152,4,ExpressVPN,https://expressvpn.com,exit_node,1764702593717,2025-12-02T19:09:53.717Z,Germany - Frankfurt - 1,,DE,Frankfurt,50.11552,8.68417
146.70.92.12,146.70.92.12,4,Surfshark,https://surfshark.com,exit_node,1768457350279,2026-01-15T06:09:10.279Z,dk-cph.prod.surfshark.com_udp.ovpn,,DK,copenhagen,55.67594,12.56553
118.99.2.39,118.99.2.39,4,Surfshark,https://surfshark.com,exit_node,1766525591795,2025-12-23T21:33:11.795Z,hk-hkg.prod.surfshark.com_udp.ovpn,,HK,hong kong,22.27832,114.17469
37.19.205.223,37.19.205.223,4,ProtonVPN,https://protonvpn.com,vpn_server,1768569126010,2026-01-16T13:12:06.010Z,jp.protonvpn.tcp,,,,,
2606:0040:214e:c800:0000:0000:0000:0000,2606:0040:214e:cfff:ffff:ffff:ffff:ffff,6,VPN by Google,https://support.google.com/pixelphone/answer/2819573?hl=en,vpn_server,1768871778993,2026-01-20T01:16:18.993Z,Tallahassee,,US,Tallahassee,,
45.86.202.46,45.86.202.46,4,ExpressVPN,https://expressvpn.com,exit_node,1768474569609,2026-01-15T10:56:09.609Z,,,,,,
162.120.146.212,162.120.146.212,4,VPN by Google,https://support.google.com/pixelphone/answer/2819573?hl=en,vpn_server,1768871780381,2026-01-20T01:16:20.381Z,Bruges,,BE,Bruges,,
167.179.72.61,167.179.72.61,4,TunnelBear,https://tunnelbear.com,exit_node,1768871777908,2026-01-20T01:16:17.908Z,,,,,,
193.36.221.13,193.36.221.13,4,ExpressVPN,https://expressvpn.com,exit_node,1768505365721,2026-01-15T19:29:25.721Z,,,,,,
185.209.196.76,185.209.196.76,4,MullvadVPN,https://mullvad.net,vpn_server,1768569224139,2026-01-16T13:13:44.139Z,"Frankfurt, Germany",de-fra-wg-006,,,,
89.46.11.142,89.46.11.142,4,NordVPN,https://nordvpn.com,vpn_server,1768569218621,2026-01-16T13:13:38.621Z,Germany #1259,,,,,
2606:0040:80b7:0000:0000:0000:0000:0000,2606:0040:80b7:ffff:ffff:ffff:ffff:ffff,6,VPN by Google,https://support.google.com/pixelphone/answer/2819573?hl=en,vpn_server,1768871779547,2026-01-20T01:16:19.547Z,Plymouth,,US,Plymouth,,
65.20.106.235,65.20.106.235,4,TunnelBear,https://tunnelbear.com,exit_node,1768871778077,2026-01-20T01:16:18.077Z,,,,,,
162.120.151.134,162.120.151.134,4,VPN by Google,https://support.google.com/pixelphone/answer/2819573?hl=en,vpn_server,1768871780067,2026-01-20T01:16:20.067Z,West Covina,,US,West Covina,,
140.82.52.214,140.82.52.214,4,TunnelBear,https://tunnelbear.com,exit_node,1768871777945,2026-01-20T01:16:17.945Z,,,,,,
45.9.250.5,45.9.250.5,4,Hide.me VPN,https://hide.me,exit_node,1767727891298,2026-01-06T19:31:31.298Z,,,,,,
162.120.196.48,162.120.196.48,4,VPN by Google,https://support.google.com/pixelphone/answer/2819573?hl=en,vpn_server,1768871778375,2026-01-20T01:16:18.375Z,Woodstock,,US,Woodstock,,
202.182.126.58,202.182.126.58,4,TunnelBear,https://tunnelbear.com,exit_node,1768871778110,2026-01-20T01:16:18.110Z,,,,,,
162.120.148.60,162.120.148.60,4,VPN by Google,https://support.google.com/pixelphone/answer/2819573?hl=en,vpn_server,1768871779988,2026-01-20T01:16:19.988Z,Laguna Niguel,,US,Laguna Niguel,,
212.102.49.20,212.102.49.20,4,Private Internet Access,https://privateinternetaccess.com,exit_node,1768105408774,2026-01-11T04:23:28.774Z,spain,,ES,,,
45.77.63.17,45.77.63.17,4,TunnelBear,https://tunnelbear.com,exit_node,1768871777891,2026-01-20T01:16:17.891Z,,,,,,
185.225.31.20,185.225.31.20,4,Private Internet Access,https://privateinternetaccess.com,vpn_server,1768569224145,2026-01-16T13:13:44.145Z,,mk.privacy.network,,,,
136.144.17.23,136.144.17.23,4,ExpressVPN,https://expressvpn.com,exit_node,1764681672312,2025-12-02T13:21:12.312Z,Canada - Toronto,,CA,Toronto,43.70643,-79.39864
158.173.152.104,158.173.152.104,4,Private Internet Access,https://privateinternetaccess.com,exit_node,1768524747053,2026-01-16T00:52:27.053Z,,,,,,
2606:0040:226a:4000:0000:0000:0000:0000,2606:0040:226a:43ff:ffff:ffff:ffff:ffff,6,VPN by Google,https://support.google.com/pixelphone/answer/2819573?hl=en,vpn_server,1768871779226,2026-01-20T01:16:19.226Z,Namur,,BE,Namur,,
144.48.37.35,144.48.37.35,4,NordVPN,https://nordvpn.com,vpn_server,1768569224139,2026-01-16T13:13:44.139Z,"Melbourne, Australia",au756.nordvpn.com,,,,
164.90.161.167,164.90.161.167,4,TunnelBear,https://tunnelbear.com,exit_node,1768871778105,2026-01-20T01:16:18.105Z,,,,,,
128.90.108.16,128.90.108.16,4,VyperVPN,https://vypervpn.com,exit_node,1768543268241,2026-01-16T06:01:08.241Z,Columbia,,CO,,,
69.16.147.144,69.16.147.144,4,IPVanish,https://ipvanish.com,exit_node,1768453382241,2026-01-15T05:03:02.241Z,,,,,,
169.150.201.28,169.150.201.28,4,MullvadVPN,https://mullvad.net,vpn_server,1768569224139,2026-01-16T13:13:44.139Z,"Frankfurt, Germany",de-fra-wg-403,,,,
43.250.207.98,43.250.207.98,4,CyberGhostVPN,https://cyberghostvpn.com,vpn_server,1768569224138,2026-01-16T13:13:44.138Z,,97-1-nz.cg-dialup.net,,,,
2606:0040:21fe:6000:0000:0000:0000:0000,2606:0040:21fe:7fff:ffff:ffff:ffff:ffff,6,VPN by Google,https://support.google.com/pixelphone/answer/2819573?hl=en,vpn_server,1768871779136,2026-01-20T01:16:19.136Z,Amsterdam,,NL,Amsterdam,,
2606:0040:808b:0000:0000:0000:0000:0000,2606:0040:808b:ffff:ffff:ffff:ffff:ffff,6,VPN by Google,https://support.google.com/pixelphone/answer/2819573?hl=en,vpn_server,1768871779541,2026-01-20T01:16:19.541Z,La Grange,,US,La Grange,,
158.173.152.112,158.173.152.112,4,Private Internet Access,https://privateinternetaccess.com,vpn_server,1768569224145,2026-01-16T13:13:44.145Z,,swiss.privacy.network,,,,
185.191.206.71,185.191.206.71,4,TunnelBear,https://tunnelbear.com,exit_node,1768871778067,2026-01-20T01:16:18.067Z,,,,,,
2606:0040:233d:2000:0000:0000:0000:0000,2606:0040:233d:23ff:ffff:ffff:ffff:ffff,6,VPN by Google,https://support.google.com/pixelphone/answer/2819573?hl=en,vpn_server,1768871779361,2026-01-20T01:16:19.361Z,Incheon,,KR,Incheon,,
194.5.83.8,194.5.83.8,4,ExpressVPN,https://expressvpn.com,exit_node,1768383766502,2026-01-14T09:42:46.502Z,,,,,,
162.120.158.8,162.120.158.8,4,VPN by Google,https://support.google.com/pixelphone/answer/2819573?hl=en,vpn_server,1768871780184,2026-01-20T01:16:20.184Z,Fujimi,,JP,Fujimi,,
172.111.241.73,172.111.241.73,4,PureVPN,https://purevpn.com,exit_node,1768568550695,2026-01-16T13:02:30.695Z,bo2-auto-udp-qr,,BO,,,
192.200.149.195,192.200.149.195,4,IPVanish,https://ipvanish.com,exit_node,1768468542468,2026-01-15T09:15:42.468Z,,,,,,
198.199.109.165,198.199.109.165,4,TunnelBear,https://tunnelbear.com,exit_node,1768871778112,2026-01-20T01:16:18.112Z,,,,,,
162.120.215.174,162.120.215.174,4,VPN by Google,https://support.google.com/pixelphone/answer/2819573?hl=en,vpn_server,1768871778622,2026-01-20T01:16:18.622Z,Baerum,,NO,Baerum,,
188.126.94.51,188.126.94.51,4,Private Internet Access,https://privateinternetaccess.com,vpn_server,1768569224145,2026-01-16T13:13:44.145Z,,denmark-2.privacy.network,,,,
2606:0040:201e:2000:0000:0000:0000:0000,2606:0040:201e:23ff:ffff:ffff:ffff:ffff,6,VPN by Google,https://support.google.com/pixelphone/answer/2819573?hl=en,vpn_server,1768871778759,2026-01-20T01:16:18.759Z,Surrey,,CA,Surrey,,
162.120.194.126,162.120.194.126,4,VPN by Google,https://support.google.com/pixelphone/answer/2819573?hl=en,vpn_server,1768871778363,2026-01-20T01:16:18.363Z,Jackson,,US,Jackson,,
2606:0040:9b7a:0000:0000:0000:0000:0000,2606:0040:9b7a:ffff:ffff:ffff:ffff:ffff,6,VPN by Google,https://support.google.com/pixelphone/answer/2819573?hl=en,vpn_server,1768871780493,2026-01-20T01:16:20.493Z,Montereau,,FR,Montereau,,
2606:0040:2035:0000:0000:0000:0000:0000,2606:0040:2035:03ff:ffff:ffff:ffff:ffff,6,VPN by Google,https://support.google.com/pixelphone/answer/2819573?hl=en,vpn_server,1768871778778,2026-01-20T01:16:18.778Z,Chambersburg,,US,Chambersburg,,
151.241.125.248,151.241.125.248,4,Private Internet Access,https://privateinternetaccess.com,vpn_server,1768569223709,2026-01-16T13:13:43.709Z,,,,,,
216.238.105.188,216.238.105.188,4,TunnelBear,https://tunnelbear.com,exit_node,1768871778082,2026-01-20T01:16:18.082Z,,,,,,
162.120.212.91,162.120.212.91,4,VPN by Google,https://support.google.com/pixelphone/answer/2819573?hl=en,vpn_server,1768871778585,2026-01-20T01:16:18.585Z,Rostock,,DE,Rostock,,
181.214.165.18,181.214.165.18,4,Private Internet Access,https://privateinternetaccess.com,exit_node,1768355732237,2026-01-14T01:55:32.237Z,us_chicago,,US,,,
69.67.148.132,69.67.148.132,4,PureVPN,https://purevpn.com,vpn_server,1768569224146,2026-01-16T13:13:44.146Z,"Santiago de Querétaro, Mexico",mx2-auto-udp.ptoserver.com,,,,
162.120.200.68,162.120.200.68,4,VPN by Google,https://support.google.com/pixelphone/answer/2819573?hl=en,vpn_server,1768871778423,2026-01-20T01:16:18.423Z,Toshima,,JP,Toshima,,
185.93.182.134,185.93.182.134,4,TunnelBear,https://tunnelbear.com,exit_node,1768871777963,2026-01-20T01:16:17.963Z,,,,,,
158.173.36.107,158.173.36.107,4,ExpressVPN,https://expressvpn.com,exit_node,1764701220919,2025-12-02T18:47:00.919Z,Spain - Barcelona,,ES,Barcelona,41.38879,2.15899
2606:0040:8004:0000:0000:0000:0000:0000,2606:0040:8004:ffff:ffff:ffff:ffff:ffff,6,VPN by Google,https://support.google.com/pixelphone/answer/2819573?hl=en,vpn_server,1768871779523,2026-01-20T01:16:19.523Z,Alabaster,,US,Alabaster,,
179.61.228.71,179.61.228.71,4,Private Internet Access,https://privateinternetaccess.com,exit_node,1768413363843,2026-01-14T17:56:03.843Z,au_perth,,au,perth,-31.95224,115.8614
162.120.210.198,162.120.210.198,4,VPN by Google,https://support.google.com/pixelphone/answer/2819573?hl=en,vpn_server,1768871778569,2026-01-20T01:16:18.569Z,Bourges,,FR,Bourges,,
45.133.6.105,45.133.6.105,4,ExpressVPN,https://expressvpn.com,exit_node,1768451033368,2026-01-15T04:23:53.368Z,,,,,,
172.67.175.215,172.67.175.215,4,V2Ray,,vpn_server,1768569126239,2026-01-16T13:12:06.239Z,,,,,,
212.102.59.213,212.102.59.213,4,Private Internet Access,https://privateinternetaccess.com,exit_node,1768413689258,2026-01-14T18:01:29.258Z,us_chicago,,US,,,
136.23.51.33,136.23.51.33,4,VPN by Google,https://support.google.com/pixelphone/answer/2819573?hl=en,vpn_server,1768871778279,2026-01-20T01:16:18.279Z,Fuchu,,JP,Fuchu,,
143.244.54.22,143.244.54.22,4,Private Internet Access,https://privateinternetaccess.com,exit_node,1767941470093,2026-01-09T06:51:10.093Z,,,,,,
194.61.40.11,194.61.40.11,4,ExpressVPN,https://expressvpn.com,exit_node,1764696915203,2025-12-02T17:35:15.203Z,India (via Singapore),,IN,,,
216.73.162.223,216.73.162.223,4,ExpressVPN,https://expressvpn.com,exit_node,1764250749517,2025-11-27T13:39:09.517Z,Canada - Toronto,,CA,Toronto,43.70643,-79.39864
84.239.7.15,84.239.7.15,4,Private Internet Access,https://privateinternetaccess.com,exit_node,1768191593838,2026-01-12T04:19:53.838Z,,,,,,
128.90.117.25,128.90.117.25,4,VyperVPN,https://vypervpn.com,exit_node,1768565381443,2026-01-16T12:09:41.443Z,,,,,,
2606:0040:9337:0000:0000:0000:0000:0000,2606:0040:9337:ffff:ffff:ffff:ffff:ffff,6,VPN by Google,https://support.google.com/pixelphone/answer/2819573?hl=en,vpn_server,1768871780195,2026-01-20T01:16:20.195Z,Takamatsu,,JP,Takamatsu,,
81.171.72.192,81.171.72.192,4,Privado,https://privado.com,vpn_server,1768569224145,2026-01-16T13:13:44.145Z,"Medemblik, Netherlands",bts-003.vpn.privado.io,,,,
85.203.45.211,85.203.45.211,4,ExpressVPN,https://expressvpn.com,exit_node,1768324636406,2026-01-13T17:17:16.406Z,,,,,,
162.120.132.206,162.120.132.207,4,VPN by Google,https://support.google.com/pixelphone/answer/2819573?hl=en,vpn_server,1768871779651,2026-01-20T01:16:19.651Z,Manchester,,US,Manchester,,
199.217.104.226,199.217.104.226,4,Windscribe,https://windscribe.com,vpn_server,1768569224147,2026-01-16T13:13:44.147Z,,us-east-124.whiskergalaxy.com,,,,
217.69.8.173,217.69.8.173,4,TunnelBear,https://tunnelbear.com,exit_node,1768871778048,2026-01-20T01:16:18.048Z,,,,,,
162.120.203.50,162.120.203.50,4,VPN by Google,https://support.google.com/pixelphone/answer/2819573?hl=en,vpn_server,1768871778464,2026-01-20T01:16:18.464Z,Burien,,US,Burien,,
158.173.21.235,158.173.21.235,4,Private Internet Access,https://privateinternetaccess.com,exit_node,1768426258494,2026-01-14T21:30:58.494Z,,,,,,
2606:0040:22f9:c000:0000:0000:0000:0000,2606:0040:22f9:c3ff:ffff:ffff:ffff:ffff,6,VPN by Google,https://support.google.com/pixelphone/answer/2819573?hl=en,vpn_server,1768871779317,2026-01-20T01:16:19.317Z,Modling,,AT,Modling,,
45.32.30.183,45.32.30.183,4,TunnelBear,https://tunnelbear.com,exit_node,1768871777842,2026-01-20T01:16:17.842Z,,,,,,
128.90.151.13,128.90.151.13,4,VyperVPN,https://vypervpn.com,exit_node,1768562085596,2026-01-16T11:14:45.596Z,,,,,,
169.150.199.2,169.150.199.2,4,Windscribe,https://windscribe.com,vpn_server,1768569219235,2026-01-16T13:13:39.235Z,Romania,,,,,
144.202.63.12,144.202.63.12,4,TunnelBear,https://tunnelbear.com,exit_node,1768871778026,2026-01-20T01:16:18.026Z,,,,,,
64.113.4.0,64.113.4.255,4,NordlayerVPN,https://nordlayer.com,exit_node,1768871777807,2026-01-20T01:16:17.807Z,,,US,Chicago,41.85003,-87.65005
2606:0040:2200:0800:0000:0000:0000:0000,2606:0040:2200:0fff:ffff:ffff:ffff:ffff,6,VPN by Google,https://support.google.com/pixelphone/answer/2819573?hl=en,vpn_server,1768871779142,2026-01-20T01:16:19.142Z,Southampton,,GB,Southampton,,
193.9.113.134,193.9.113.134,4,NordVPN,https://nordvpn.com,vpn_server,1768569224140,2026-01-16T13:13:44.140Z,"London, United Kingdom",uk1806.nordvpn.com,,,,
162.120.163.207,162.120.163.207,4,VPN by Google,https://support.google.com/pixelphone/answer/2819573?hl=en,vpn_server,1768871780804,2026-01-20T01:16:20.804Z,Yonghe District,,TW,Yonghe District,,
217.78.2.185,217.78.2.185,4,TotalVPN,https://totalvpn.com,vpn_server,1768569125604,2026-01-16T13:12:05.604Z,Dublin - IE,,,,,
146.70.134.130,146.70.134.130,4,MullvadVPN,https://mullvad.net,vpn_server,1768569224139,2026-01-16T13:13:44.139Z,"Zurich, Switzerland",ch-zrh-ovpn-501,,,,
2a06:98c1:50::ac40:2399,2a06:98c1:50::ac40:2399,6,V2Ray,,vpn_server,1768569126262,2026-01-16T13:12:06.262Z,,,,,,
93.152.212.40,93.152.212.40,4,Surfshark,https://surfshark.com,exit_node,1768247216487,2026-01-12T19:46:56.487Z,kr-seo.prod.surfshark.com_udp.ovpn,,KR,seoul,37.566,126.9784
85.12.31.224,85.12.31.239,4,Privado,https://privado.com,exit_node,1768871777818,2026-01-20T01:16:17.818Z,,,CA,Vancouver,49.24966,-123.11934
136.23.22.38,136.23.22.38,4,VPN by Google,https://support.google.com/pixelphone/answer/2819573?hl=en,vpn_server,1768871779463,2026-01-20T01:16:19.463Z,CR,,CR,,,
162.120.199.0,162.120.199.0,4,VPN by Google,https://support.google.com/pixelphone/answer/2819573?hl=en,vpn_server,1768871778407,2026-01-20T01:16:18.407Z,US,,US,,,
162.120.217.90,162.120.217.90,4,VPN by Google,https://support.google.com/pixelphone/answer/2819573?hl=en,vpn_server,1768871778644,2026-01-20T01:16:18.644Z,Opole,,PL,Opole,,
66.56.81.221,66.56.81.221,4,Private Internet Access,https://privateinternetaccess.com,vpn_server,1768569224145,2026-01-16T13:13:44.145Z,,ca-ontario-so.privacy.network,,,,
37.0.12.229,37.0.12.229,4,ProtonVPN,https://protonvpn.com,exit_node,1768871778229,2026-01-20T01:16:18.229Z,,,,,,
154.47.23.51,154.47.23.51,4,Surfshark,https://surfshark.com,exit_node,1768523713739,2026-01-16T00:35:13.739Z,jp-tok.prod.surfshark.com_udp.ovpn,,JP,tokyo,35.6895,139.69171
193.176.211.37,193.176.211.37,4,ExpressVPN,https://expressvpn.com,exit_node,1764706723930,2025-12-02T20:18:43.930Z,Hong Kong - 2,,HK,,,
185.202.220.136,185.202.220.136,4,NordVPN,https://nordvpn.com,vpn_server,1768569224140,2026-01-16T13:13:44.140Z,"New York, United States",us9351.nordvpn.com,,,,
2606:0040:8400:0000:0000:0000:0000:0000,2606:0040:8401:ffff:ffff:ffff:ffff:ffff,6,VPN by Google,https://support.google.com/pixelphone/answer/2819573?hl=en,vpn_server,1768871779661,2026-01-20T01:16:19.661Z,Columbus,,US,Columbus,,
2606:0040:213d:8800:0000:0000:0000:0000,2606:0040:213d:8bff:ffff:ffff:ffff:ffff,6,VPN by Google,https://support.google.com/pixelphone/answer/2819573?hl=en,vpn_server,1768871778975,2026-01-20T01:16:18.975Z,Kasukabe,,JP,Kasukabe,,
162.120.192.119,162.120.192.119,4,VPN by Google,https://support.google.com/pixelphone/answer/2819573?hl=en,vpn_server,1768871778332,2026-01-20T01:16:18.332Z,St. George,,US,St. George,,
45.133.6.38,45.133.6.38,4,ExpressVPN,https://expressvpn.com,exit_node,1764692889289,2025-12-02T16:28:09.289Z,Australia - Perth,,AU,Perth,-31.95224,115.8614
87.101.94.118,87.101.94.118,4,CyberGhostVPN,https://cyberghostvpn.com,vpn_server,1768569125424,2026-01-16T13:12:05.424Z,Italy,,,,,
136.23.1.130,136.23.1.130,4,VPN by Google,https://support.google.com/pixelphone/answer/2819573?hl=en,vpn_server,1768871779479,2026-01-20T01:16:19.479Z,MA,,MA,,,
117.120.9.19,117.120.9.19,4,Private Internet Access,https://privateinternetaccess.com,exit_node,1767836140019,2026-01-08T01:35:40.019Z,au_sydney,,au,sydney,-33.86785,151.20732
156.146.47.233,156.146.47.233,4,Surfshark,https://surfshark.com,exit_node,1767107318398,2025-12-30T15:08:38.398Z,us-atl.prod.surfshark.com_udp.ovpn,,US,atlanta,33.749,-84.38798
5.62.62.240,5.62.62.240,4,Hide My Ass VPN,https://hidemyass.com,vpn_server,1768569224138,2026-01-16T13:13:44.138Z,"Antsiranana, Madagascar",mg.hma.rocks,,,,
5.181.234.211,5.181.234.211,4,NordVPN,https://nordvpn.com,vpn_server,1768569224140,2026-01-16T13:13:44.140Z,"New York, United States",us6488.nordvpn.com,,,,
148.135.200.35,148.135.200.35,4,TunnelBear,https://tunnelbear.com,exit_node,1768871778127,2026-01-20T01:16:18.127Z,,,,,,
107.150.29.130,107.150.29.130,4,Windscribe,https://windscribe.com,vpn_server,1768569224147,2026-01-16T13:13:44.147Z,,us-east-053.whiskergalaxy.com,,,,
2606:0040:8ed2:0000:0000:0000:0000:0000,2606:0040:8ed2:ffff:ffff:ffff:ffff:ffff,6,VPN by Google,https://support.google.com/pixelphone/answer/2819573?hl=en,vpn_server,1768871780038,2026-01-20T01:16:20.038Z,Livermore,,US,Livermore,,
185.159.156.181,185.159.156.181,4,ProtonVPN,https://protonvpn.com,vpn_server,1768569224146,2026-01-16T13:13:44.146Z,"Sydney, Australia",node-au-23.protonvpn.net,,,,
2606:0040:9cee:0000:0000:0000:0000:0000,2606:0040:9cee:ffff:ffff:ffff:ffff:ffff,6,VPN by Google,https://support.google.com/pixelphone/answer/2819573?hl=en,vpn_server,1768871780546,2026-01-20T01:16:20.546Z,Deventer,,NL,Deventer,,
45.32.27.70,45.32.27.70,4,TunnelBear,https://tunnelbear.com,exit_node,1768871778025,2026-01-20T01:16:18.025Z,,,,,,
46.183.111.184,46.183.111.184,4,NordVPN,https://nordvpn.com,vpn_server,1768490963000,2026-01-15T15:29:23.000Z,,,,,,
162.120.219.82,162.120.219.82,4,VPN by Google,https://support.google.com/pixelphone/answer/2819573?hl=en,vpn_server,1768871778660,2026-01-20T01:16:18.660Z,Pensacola,,US,Pensacola,,
203.188.189.40,203.188.189.40,4,ExpressVPN,https://expressvpn.com,exit_node,1764710897102,2025-12-02T21:28:17.102Z,Kenya,,KE,,,
162.120.175.122,162.120.175.122,4,VPN by Google,https://support.google.com/pixelphone/answer/2819573?hl=en,vpn_server,1768871780584,2026-01-20T01:16:20.584Z,Oyonnax,,FR,Oyonnax,,
2606:0040:9e75:0000:0000:0000:0000:0000,2606:0040:9e75:ffff:ffff:ffff:ffff:ffff,6,VPN by Google,https://support.google.com/pixelphone/answer/2819573?hl=en,vpn_server,1768871780602,2026-01-20T01:16:20.602Z,Blackburn,,GB,Blackburn,,
2606:0040:233c:6000:0000:0000:0000:0000,2606:0040:233c:63ff:ffff:ffff:ffff:ffff,6,VPN by Google,https://support.google.com/pixelphone/answer/2819573?hl=en,vpn_server,1768871779360,2026-01-20T01:16:19.360Z,Gyeongsan-si,,KR,Gyeongsan-si,,
45.129.32.85,45.129.32.85,4,NordVPN,https://nordvpn.com,exit_node,1768338346949,2026-01-13T21:05:46.949Z,cz120,,CZ,,,
216.128.146.100,216.128.146.100,4,TunnelBear,https://tunnelbear.com,exit_node,1768871778125,2026-01-20T01:16:18.125Z,,,,,,
162.120.215.48,162.120.215.48,4,VPN by Google,https://support.google.com/pixelphone/answer/2819573?hl=en,vpn_server,1768871778615,2026-01-20T01:16:18.615Z,Lecce,,IT,Lecce,,
158.173.22.5,158.173.22.5,4,Private Internet Access,https://privateinternetaccess.com,vpn_server,1768569224145,2026-01-16T13:13:44.145Z,,us-atlanta.privacy.network,,,,
162.120.150.2,162.120.150.2,4,VPN by Google,https://support.google.com/pixelphone/answer/2819573?hl=en,vpn_server,1768871780929,2026-01-20T01:16:20.929Z,Ciudad Juarez,,MX,Ciudad Juarez,,
217.216.103.21,217.216.103.21,4,NordVPN,https://nordvpn.com,exit_node,1768417022772,2026-01-14T18:57:02.772Z,in178,,IN,,,
185.147.215.38,185.147.215.38,4,IPVanish,https://ipvanish.com,vpn_server,1768569224138,2026-01-16T13:13:44.138Z,"Zagreb, Croatia",zag-c07.ipvanish.com,,,,
2606:0040:9fee:0000:0000:0000:0000:0000,2606:0040:9fee:ffff:ffff:ffff:ffff:ffff,6,VPN by Google,https://support.google.com/pixelphone/answer/2819573?hl=en,vpn_server,1768871780657,2026-01-20T01:16:20.657Z,Aubervilliers,,FR,Aubervilliers,,
37.0.12.226,37.0.12.226,4,ProtonVPN,https://protonvpn.com,vpn_server,1768569224146,2026-01-16T13:13:44.146Z,"Johor Bahru, Malaysia",node-my-01.protonvpn.net,,,,
212.32.242.225,212.32.242.225,4,ibVPN,https://ibvpn.com,vpn_server,1768569125741,2026-01-16T13:12:05.741Z,Egypt - Cairo,,,,,
185.238.231.149,185.238.231.149,4,ExpressVPN,https://expressvpn.com,exit_node,1764688892157,2025-12-02T15:21:32.157Z,USA - Denver,,US,Denver,39.73915,-104.9847
2606:0040:9722:0000:0000:0000:0000:0000,2606:0040:9722:ffff:ffff:ffff:ffff:ffff,6,VPN by Google,https://support.google.com/pixelphone/answer/2819573?hl=en,vpn_server,1768871780334,2026-01-20T01:16:20.334Z,Antibes,,FR,Antibes,,
74.80.182.90,74.80.182.90,4,Surfshark,https://surfshark.com,exit_node,1768558132918,2026-01-16T10:08:52.918Z,us-kan.prod.surfshark.com_udp.ovpn,,US,kansas city,39.09973,-94.57857
2606:0040:224e:e000:0000:0000:0000:0000,2606:0040:224e:e3ff:ffff:ffff:ffff:ffff,6,VPN by Google,https://support.google.com/pixelphone/answer/2819573?hl=en,vpn_server,1768871779205,2026-01-20T01:16:19.205Z,Yvetot,,FR,Yvetot,,
2606:0040:200d:8000:0000:0000:0000:0000,2606:0040:200d:83ff:ffff:ffff:ffff:ffff,6,VPN by Google,https://support.google.com/pixelphone/answer/2819573?hl=en,vpn_server,1768871778746,2026-01-20T01:16:18.746Z,Zhonghe District,,TW,Zhonghe District,,
2606:0040:a39e:0000:0000:0000:0000:0000,2606:0040:a39e:ffff:ffff:ffff:ffff:ffff,6,VPN by Google,https://support.google.com/pixelphone/answer/2819573?hl=en,vpn_server,1768871780794,2026-01-20T01:16:20.794Z,Hwaseong-si,,KR,Hwaseong-si,,
184.75.223.220,184.75.223.220,4,AirVPN,https://airvpn.org,vpn_server,1768569219730,2026-01-16T13:13:39.730Z,"Toronto, Ontario, Canada",,,,,
151.241.125.127,151.241.125.127,4,Private Internet Access,https://privateinternetaccess.com,exit_node,1768511919080,2026-01-15T21:18:39.080Z,us_atlanta,,US,,,
178.132.111.77,178.132.111.77,4,NordVPN,https://nordvpn.com,exit_node,1767868959358,2026-01-08T10:42:39.358Z,sk42,,SK,,,
91.148.239.0,91.148.239.15,4,Privado,https://privado.com,exit_node,1768871777823,2026-01-20T01:16:17.823Z,,,HU,Budapest,47.49835,19.04045
185.76.8.216,185.76.8.216,4,Surfshark,https://surfshark.com,exit_node,1768463716178,2026-01-15T07:55:16.178Z,sk-bts.prod.surfshark.com_udp.ovpn,,SK,bratislava,48.14816,17.10674
2606:0040:20fb:1c00:0000:0000:0000:0000,2606:0040:20fb:1fff:ffff:ffff:ffff:ffff,6,VPN by Google,https://support.google.com/pixelphone/answer/2819573?hl=en,vpn_server,1768871778913,2026-01-20T01:16:18.913Z,Manchester,,US,Manchester,,
185.159.156.163,185.159.156.163,4,ProtonVPN,https://protonvpn.com,exit_node,1768871778186,2026-01-20T01:16:18.186Z,,,,,,
203.188.175.92,203.188.175.92,4,ExpressVPN,https://expressvpn.com,exit_node,1764252856517,2025-11-27T14:14:16.517Z,Costa Rica,,CR,,,
141.98.101.134,141.98.101.134,4,AirVPN,https://airvpn.org,vpn_server,1768569219731,2026-01-16T13:13:39.731Z,"Manchester, United Kingdom",,,,,
212.103.49.67,212.103.49.67,4,Windscribe,https://windscribe.com,vpn_server,1768569224147,2026-01-16T13:13:44.147Z,,us-west-027.whiskergalaxy.com,,,,
128.90.176.5,128.90.176.5,4,VyperVPN,https://vypervpn.com,exit_node,1768145257784,2026-01-11T15:27:37.784Z,Slovakia,,SK,,,
198.145.155.25,198.145.155.25,4,UltraVPN,https://ultravpn.com/,exit_node,1764696083051,2025-12-02T17:21:23.051Z,,,,,,
87.120.102.42,87.120.102.42,4,NordVPN,https://nordvpn.com,exit_node,1768351971585,2026-01-14T00:52:51.585Z,al73,,AL,,,
104.36.177.235,104.36.177.235,4,IPVanish,https://ipvanish.com,vpn_server,1768569197764,2026-01-16T13:13:17.764Z,ipvanish-US-Las-Vegas-las-b81,,,,,
2001:ac8:30:e:1b5f:6a17:ae55:6af3,2001:ac8:30:e:1b5f:6a17:ae55:6af3,6,AirVPN,https://airvpn.org,vpn_server,1768569224137,2026-01-16T13:13:44.137Z,"Sofia, Bulgaria",bg3.ipv6.vpn.airdns.org,,,,
149.22.85.202,149.22.85.202,4,ProtonVPN,https://protonvpn.com,exit_node,1768316667458,2026-01-13T15:04:27.458Z,,,,,,
77.81.142.94,77.81.142.94,4,Private Internet Access,https://privateinternetaccess.com,exit_node,1768295929142,2026-01-13T09:18:49.142Z,mexico,,MX,,,
207.154.204.127,207.154.204.127,4,TunnelBear,https://tunnelbear.com,exit_node,1768871778097,2026-01-20T01:16:18.097Z,,,,,,
173.239.216.241,173.239.216.241,4,ExpressVPN,https://expressvpn.com,exit_node,1764252318907,2025-11-27T14:05:18.907Z,Switzerland,,CH,,,
162.120.210.233,162.120.210.233,4,VPN by Google,https://support.google.com/pixelphone/answer/2819573?hl=en,vpn_server,1768871778571,2026-01-20T01:16:18.571Z,Maubeuge,,FR,Maubeuge,,
78.110.173.149,78.110.173.149,4,IPVanish,https://ipvanish.com,exit_node,1768303331490,2026-01-13T11:22:11.490Z,,,,,,
162.120.137.71,162.120.137.71,4,VPN by Google,https://support.google.com/pixelphone/answer/2819573?hl=en,vpn_server,1768871780892,2026-01-20T01:16:20.892Z,Acapulco,,MX,Acapulco,,
216.131.87.33,216.131.87.33,4,IPVanish,https://ipvanish.com,vpn_server,1768569224139,2026-01-16T13:13:44.139Z,"Miami, United States",mia-b06.ipvanish.com,,,,
136.23.57.193,136.23.57.193,4,VPN by Google,https://support.google.com/pixelphone/answer/2819573?hl=en,vpn_server,1768871778305,2026-01-20T01:16:18.305Z,Columbia,,US,Columbia,,
162.120.159.112,162.120.159.112,4,VPN by Google,https://support.google.com/pixelphone/answer/2819573?hl=en,vpn_server,1768871780805,2026-01-20T01:16:20.805Z,Cessnock,,AU,Cessnock,,
36.255.206.64,36.255.206.64,4,IPVanish,https://ipvanish.com,vpn_server,1768569224138,2026-01-16T13:13:44.138Z,"Tokyo, Japan",nrt-c01.ipvanish.com,,,,
103.219.169.165,103.219.169.165,4,TunnelBear,https://tunnelbear.com,exit_node,1768871778000,2026-01-20T01:16:18.000Z,,,,,,
162.120.133.71,162.120.133.71,4,VPN by Google,https://support.google.com/pixelphone/answer/2819573?hl=en,vpn_server,1768871779668,2026-01-20T01:16:19.668Z,Midland,,US,Midland,,
165.227.32.197,165.227.32.197,4,TunnelBear,https://tunnelbear.com,exit_node,1768871777988,2026-01-20T01:16:17.988Z,,,,,,
103.216.220.21,103.216.220.21,4,MullvadVPN,https://mullvad.net,exit_node,1768392849928,2026-01-14T12:14:09.928Z,au-bne-wg-301,,au,Brisbane,-27.46794,153.02809
194.127.199.153,194.127.199.153,4,MullvadVPN,https://mullvad.net,exit_node,1768418127507,2026-01-14T19:15:27.507Z,no-svg-ovpn-002,,no,Stavanger,58.97005,5.73332
2606:0040:22d7:1000:0000:0000:0000:0000,2606:0040:22d7:1fff:ffff:ffff:ffff:ffff,6,VPN by Google,https://support.google.com/pixelphone/answer/2819573?hl=en,vpn_server,1768871779285,2026-01-20T01:16:19.285Z,Reading,,GB,Reading,,
146.70.221.133,146.70.221.133,4,ProtonVPN,https://protonvpn.com,exit_node,1768871778189,2026-01-20T01:16:18.189Z,,,,,,
149.102.237.133,149.102.237.133,4,ProtonVPN,https://protonvpn.com,exit_node,1768871778238,2026-01-20T01:16:18.238Z,,,,,,
98.98.43.150,98.98.43.150,4,TunnelBear,https://tunnelbear.com,exit_node,1768871777875,2026-01-20T01:16:17.875Z,,,,,,
2606:0040:2504:6800:0000:0000:0000:0000,2606:0040:2504:6bff:ffff:ffff:ffff:ffff,6,VPN by Google,https://support.google.com/pixelphone/answer/2819573?hl=en,vpn_server,1768871779392,2026-01-20T01:16:19.392Z,Scranton,,US,Scranton,,
2606:0040:93e6:0000:0000:0000:0000:0000,2606:0040:93e6:ffff:ffff:ffff:ffff:ffff,6,VPN by Google,https://support.google.com/pixelphone/answer/2819573?hl=en,vpn_server,1768871780217,2026-01-20T01:16:20.217Z,San Antonio,,US,San Antonio,,
149.22.87.142,149.22.87.142,4,Private Internet Access,https://privateinternetaccess.com,vpn_server,1768569224145,2026-01-16T13:13:44.145Z,,japan-2.privacy.network,,,,
2606:0040:a510:0000:0000:0000:0000:0000,2606:0040:a510:ffff:ffff:ffff:ffff:ffff,6,VPN by Google,https://support.google.com/pixelphone/answer/2819573?hl=en,vpn_server,1768871780846,2026-01-20T01:16:20.846Z,Guadalupe,,MX,Guadalupe,,
138.199.7.129,138.199.7.129,4,ProtonVPN,https://protonvpn.com,vpn_server,1768569125967,2026-01-16T13:12:05.967Z,nl.protonvpn.tcp,,,,,
146.70.21.115,146.70.21.115,4,NordVPN,https://nordvpn.com,vpn_server,1768569224140,2026-01-16T13:13:44.140Z,"Stockholm, Sweden",se581.nordvpn.com,,,,
185.213.20.209,185.213.20.209,4,ZoogVPN,https://zoogvpn.com,vpn_server,1768569126218,2026-01-16T13:12:06.218Z,it1.webunlim.com.udp,,,,,
185.107.81.130,185.107.81.130,4,Windscribe,https://windscribe.com,vpn_server,1768569224147,2026-01-16T13:13:44.147Z,,nl-037.whiskergalaxy.com,,,,
185.216.35.115,185.216.35.115,4,NordVPN,https://nordvpn.com,vpn_server,1768569224139,2026-01-16T13:13:44.139Z,"Prague, Czech Republic",cz110.nordvpn.com,,,,
89.35.30.203,89.35.30.203,4,NordVPN,https://nordvpn.com,vpn_server,1768569224140,2026-01-16T13:13:44.140Z,"London, United Kingdom",uk2281.nordvpn.com,,,,
62.60.138.122,62.60.138.122,4,V2Ray,,vpn_server,1768569126265,2026-01-16T13:12:06.265Z,,,,,,
74.118.126.133,74.118.126.133,4,ProtonVPN,https://protonvpn.com,exit_node,1768871778238,2026-01-20T01:16:18.238Z,,,,,,
2606:0040:2145:8000:0000:0000:0000:0000,2606:0040:2145:83ff:ffff:ffff:ffff:ffff,6,VPN by Google,https://support.google.com/pixelphone/answer/2819573?hl=en,vpn_server,1768871778986,2026-01-20T01:16:18.986Z,Pembroke Pines,,US,Pembroke Pines,,
45.67.97.53,45.67.97.53,4,ExpressVPN,https://expressvpn.com,exit_node,1768497726620,2026-01-15T17:22:06.620Z,,,,,,
2606:0040:9053:0000:0000:0000:0000:0000,2606:0040:9053:ffff:ffff:ffff:ffff:ffff,6,VPN by Google,https://support.google.com/pixelphone/answer/2819573?hl=en,vpn_server,1768871780088,2026-01-20T01:16:20.088Z,Kaiserslautern,,DE,Kaiserslautern,,
95.181.232.36,95.181.232.36,4,Private Internet Access,https://privateinternetaccess.com,exit_node,1768538902658,2026-01-16T04:48:22.658Z,morocco,,MA,,,
108.171.109.85,108.171.109.85,4,IPVanish,https://ipvanish.com,exit_node,1768299977547,2026-01-13T10:26:17.547Z,,,,,,
185.195.237.202,185.195.237.202,4,AirVPN,https://airvpn.org,vpn_server,1768569224137,2026-01-16T13:13:44.137Z,"Tallinn, Estonia",ee.vpn.airdns.org,,,,
2606:0040:22a8:6000:0000:0000:0000:0000,2606:0040:22a8:63ff:ffff:ffff:ffff:ffff,6,VPN by Google,https://support.google.com/pixelphone/answer/2819573?hl=en,vpn_server,1768871779257,2026-01-20T01:16:19.257Z,Tarare,,FR,Tarare,,
5.62.57.60,5.62.57.60,4,Hide My Ass VPN,https://hidemyass.com,vpn_server,1768569224138,2026-01-16T13:13:44.138Z,"Grand Forks, USA",nd.us.hma.rocks,,,,
213.152.161.4,213.152.161.4,4,AirVPN,https://airvpn.org,vpn_server,1768569224137,2026-01-16T13:13:44.137Z,"Alblasserdam, Netherlands",nl.vpn.airdns.org,,,,
193.19.207.85,193.19.207.85,4,Surfshark,https://surfshark.com,exit_node,1768526420664,2026-01-16T01:20:20.664Z,es-vlc.prod.surfshark.com_udp.ovpn,,ES,valencia,39.47391,-0.37966
143.110.223.16,143.110.223.16,4,TunnelBear,https://tunnelbear.com,exit_node,1768871777838,2026-01-20T01:16:17.838Z,,,,,,
185.238.231.31,185.238.231.31,4,ExpressVPN,https://expressvpn.com,exit_node,1764688892140,2025-12-02T15:21:32.140Z,USA - Denver,,US,Denver,39.73915,-104.9847
2606:0040:1a90:0000:0000:0000:0000:0000,2606:0040:1a9f:ffff:ffff:ffff:ffff:ffff,6,VPN by Google,https://support.google.com/pixelphone/answer/2819573?hl=en,vpn_server,1768871779507,2026-01-20T01:16:19.507Z,TC,,TC,,,
162.120.134.120,162.120.134.120,4,VPN by Google,https://support.google.com/pixelphone/answer/2819573?hl=en,vpn_server,1768871779688,2026-01-20T01:16:19.688Z,Norwood,,US,Norwood,,
162.120.213.140,162.120.213.140,4,VPN by Google,https://support.google.com/pixelphone/answer/2819573?hl=en,vpn_server,1768871778602,2026-01-20T01:16:18.602Z,Martigues,,FR,Martigues,,
208.76.221.21,208.76.221.21,4,TunnelBear,https://tunnelbear.com,exit_node,1768871777836,2026-01-20T01:16:17.836Z,,,,,,
2606:0040:2081:4400:0000:0000:0000:0000,2606:0040:2081:47ff:ffff:ffff:ffff:ffff,6,VPN by Google,https://support.google.com/pixelphone/answer/2819573?hl=en,vpn_server,1768871778826,2026-01-20T01:16:18.826Z,Murfreesboro,,US,Murfreesboro,,
162.120.204.134,162.120.204.134,4,VPN by Google,https://support.google.com/pixelphone/answer/2819573?hl=en,vpn_server,1768871778484,2026-01-20T01:16:18.484Z,Chihuahua,,MX,Chihuahua,,
83.171.250.88,83.171.250.88,4,NordVPN,https://nordvpn.com,exit_node,1767804635345,2026-01-07T16:50:35.345Z,us5926,,US,,,
2606:0040:2342:6000:0000:0000:0000:0000,2606:0040:2342:63ff:ffff:ffff:ffff:ffff,6,VPN by Google,https://support.google.com/pixelphone/answer/2819573?hl=en,vpn_server,1768871779363,2026-01-20T01:16:19.363Z,Mackay,,AU,Mackay,,
162.120.130.213,162.120.130.213,4,VPN by Google,https://support.google.com/pixelphone/answer/2819573?hl=en,vpn_server,1768871779602,2026-01-20T01:16:19.602Z,Arnold,,US,Arnold,,
129.227.90.130,129.227.90.130,4,TunnelBear,https://tunnelbear.com,exit_node,1768871777852,2026-01-20T01:16:17.852Z,,,,,,
149.102.246.34,149.102.246.34,4,MullvadVPN,https://mullvad.net,exit_node,1768279356230,2026-01-13T04:42:36.230Z,gr-ath-ovpn-101,,gr,Athens,37.98376,23.72784
69.167.28.14,69.167.28.14,4,VyperVPN,https://vypervpn.com,exit_node,1768555368005,2026-01-16T09:22:48.005Z,USA - Los Angeles,,US,Los Angeles,34.05223,-118.24368
188.213.34.85,188.213.34.85,4,Private Internet Access,https://privateinternetaccess.com,vpn_server,1768569224145,2026-01-16T13:13:44.145Z,,tr.privacy.network,,,,
2a02:aa08:e000:4500:9b07:2ff6:c701:fff0,2a02:aa08:e000:4500:9b07:2ff6:c701:fff0,6,AirVPN,https://airvpn.org,vpn_server,1768569224137,2026-01-16T13:13:44.137Z,"Zurich, Switzerland",ch4.ipv6.vpn.airdns.org,,,,
98.159.40.133,98.159.40.133,4,CyberGhostVPN,https://cyberghostvpn.com,vpn_server,1768569125396,2026-01-16T13:12:05.396Z,Bangladesh,,,,,
102.129.153.145,102.129.153.145,4,Private Internet Access,https://privateinternetaccess.com,vpn_server,1768569223709,2026-01-16T13:13:43.709Z,,,,,,
216.131.72.26,216.131.72.26,4,IPVanish,https://ipvanish.com,vpn_server,1768569224138,2026-01-16T13:13:44.138Z,"Ashburn, United States",iad-b05.ipvanish.com,,,,
173.255.160.99,173.255.160.99,4,IPVanish,https://ipvanish.com,vpn_server,1768569202214,2026-01-16T13:13:22.214Z,ipvanish-US-New-York-nyc-a16,,,,,
185.211.32.251,185.211.32.251,4,NordVPN,https://nordvpn.com,exit_node,1767828411991,2026-01-07T23:26:51.991Z,us9682,,US,,,
176.110.218.20,176.110.218.20,4,ExpressVPN,https://expressvpn.com,exit_node,1768482933175,2026-01-15T13:15:33.175Z,,,,,,
188.213.34.45,188.213.34.45,4,CyberGhostVPN,https://cyberghostvpn.com,vpn_server,1768569224138,2026-01-16T13:13:44.138Z,,97-1-tr.cg-dialup.net,,,,
103.176.152.29,103.176.152.29,4,Surfshark,https://surfshark.com,vpn_server,1768569224146,2026-01-16T13:13:44.146Z,"Bangkok, Thailand",th-bkk.prod.surfshark.com,,,,
45.150.172.182,45.150.172.182,4,NordVPN,https://nordvpn.com,vpn_server,1768490963000,2026-01-15T15:29:23.000Z,,,,,,
162.120.193.197,162.120.193.197,4,VPN by Google,https://support.google.com/pixelphone/answer/2819573?hl=en,vpn_server,1768871778352,2026-01-20T01:16:18.352Z,Myrtle Beach,,US,Myrtle Beach,,
45.8.19.41,45.8.19.41,4,ExpressVPN,https://expressvpn.com,exit_node,1768534015396,2026-01-16T03:26:55.396Z,,,,,,
162.120.200.98,162.120.200.98,4,VPN by Google,https://support.google.com/pixelphone/answer/2819573?hl=en,vpn_server,1768871778425,2026-01-20T01:16:18.425Z,Inazawa,,JP,Inazawa,,
202.125.43.75,202.125.43.75,4,Private Internet Access,https://privateinternetaccess.com,vpn_server,1768569224145,2026-01-16T13:13:44.145Z,,au-brisbane-pf.privacy.network,,,,
104.255.169.111,104.255.169.111,4,Windscribe,https://windscribe.com,vpn_server,1768569224147,2026-01-16T13:13:44.147Z,,us-west-072.whiskergalaxy.com,,,,
158.173.21.5,158.173.21.5,4,Private Internet Access,https://privateinternetaccess.com,vpn_server,1768569224145,2026-01-16T13:13:44.145Z,,nl-netherlands-so.privacy.network,,,,
104.234.225.6,104.234.225.6,4,ExpressVPN,https://expressvpn.com,exit_node,1768557028315,2026-01-16T09:50:28.315Z,,,,,,
203.188.189.9,203.188.189.9,4,ExpressVPN,https://expressvpn.com,exit_node,1764710920691,2025-12-02T21:28:40.691Z,Kenya,,KE,,,
103.136.147.65,103.136.147.65,4,MullvadVPN,https://mullvad.net,vpn_server,1768569224139,2026-01-16T13:13:44.139Z,"Sydney, Australia",au-syd-wg-102,,,,
92.119.36.81,92.119.36.81,4,ExpressVPN,https://expressvpn.com,exit_node,1764677580728,2025-12-02T12:13:00.728Z,USA - Phoenix,,US,Phoenix,33.44838,-112.07404
185.196.0.11,185.196.0.11,4,Surfshark,https://surfshark.com,exit_node,1768165497492,2026-01-11T21:04:57.492Z,my-kul.prod.surfshark.com_udp.ovpn,,MY,kuala lumpur,3.1412,101.68653
45.132.224.73,45.132.224.73,4,ExpressVPN,https://expressvpn.com,exit_node,1768515277172,2026-01-15T22:14:37.172Z,,,,,,
216.131.104.202,216.131.104.202,4,IPVanish,https://ipvanish.com,vpn_server,1768569224139,2026-01-16T13:13:44.139Z,"Charlotte, United States",clt-c39.ipvanish.com,,,,
146.70.11.29,146.70.11.29,4,Private Internet Access,https://privateinternetaccess.com,vpn_server,1768569224145,2026-01-16T13:13:44.145Z,,santiago.privacy.network,,,,
2606:0040:81a6:0000:0000:0000:0000:0000,2606:0040:81a6:ffff:ffff:ffff:ffff:ffff,6,VPN by Google,https://support.google.com/pixelphone/answer/2819573?hl=en,vpn_server,1768871779578,2026-01-20T01:16:19.578Z,Brandon,,US,Brandon,,
162.120.208.154,162.120.208.154,4,VPN by Google,https://support.google.com/pixelphone/answer/2819573?hl=en,vpn_server,1768871778544,2026-01-20T01:16:18.544Z,Tours,,FR,Tours,,
158.173.22.27,158.173.22.27,4,Private Internet Access,https://privateinternetaccess.com,exit_node,1768327766865,2026-01-13T18:09:26.865Z,us_atlanta,,US,,,
93.152.220.163,93.152.220.163,4,Surfshark,https://surfshark.com,exit_node,1768487560931,2026-01-15T14:32:40.931Z,us-slc.prod.surfshark.com_udp.ovpn,,US,salt lake city,40.76078,-111.89105
149.88.110.37,149.88.110.37,4,ProtonVPN,https://protonvpn.com,exit_node,1768871778240,2026-01-20T01:16:18.240Z,,,,,,
185.255.126.198,185.255.126.198,4,ExpressVPN,https://expressvpn.com,exit_node,1764702604951,2025-12-02T19:10:04.951Z,France - Alsace,,FR,Alsace,,
139.162.23.150,139.162.23.150,4,SlickVPN,https://slickvpn.com,vpn_server,1768569126061,2026-01-16T13:12:06.061Z,Singapore-Singapore,,,,,
46.246.8.38,46.246.8.38,4,Private Internet Access,https://privateinternetaccess.com,exit_node,1768450938231,2026-01-15T04:22:18.231Z,sweden,,SE,,,
185.192.16.87,185.192.16.87,4,ExpressVPN,https://expressvpn.com,exit_node,1764703195277,2025-12-02T19:19:55.277Z,Ireland,,IE,,,
137.220.56.114,137.220.56.114,4,TunnelBear,https://tunnelbear.com,exit_node,1768871777842,2026-01-20T01:16:17.842Z,,,,,,
138.68.85.16,138.68.85.16,4,TunnelBear,https://tunnelbear.com,exit_node,1768871778151,2026-01-20T01:16:18.151Z,,,,,,
162.120.128.169,162.120.128.169,4,VPN by Google,https://support.google.com/pixelphone/answer/2819573?hl=en,vpn_server,1768871779545,2026-01-20T01:16:19.545Z,Wichita,,US,Wichita,,
2606:0040:20dd:c800:0000:0000:0000:0000,2606:0040:20dd:cfff:ffff:ffff:ffff:ffff,6,VPN by Google,https://support.google.com/pixelphone/answer/2819573?hl=en,vpn_server,1768871778883,2026-01-20T01:16:18.883Z,Eagan,,US,Eagan,,
162.120.167.166,162.120.167.166,4,VPN by Google,https://support.google.com/pixelphone/answer/2819573?hl=en,vpn_server,1768871780318,2026-01-20T01:16:20.318Z,Franconville,,FR,Franconville,,
146.70.171.251,146.70.171.251,4,MullvadVPN,https://mullvad.net,exit_node,1768447712761,2026-01-15T03:28:32.761Z,us-nyc-ovpn-601,,us,New York,40.71427,-74.00597
162.120.140.157,162.120.140.157,4,VPN by Google,https://support.google.com/pixelphone/answer/2819573?hl=en,vpn_server,1768871779820,2026-01-20T01:16:19.820Z,Bowie,,US,Bowie,,
184.22.67.64,184.22.67.64,4,PublicOvpnConfigs,,exit_node,1768871778255,2026-01-20T01:16:18.255Z,,,,,,
188.213.34.86,188.213.34.86,4,Private Internet Access,https://privateinternetaccess.com,vpn_server,1768569224145,2026-01-16T13:13:44.145Z,,tr.privacy.network,,,,
45.91.22.35,45.91.22.35,4,ExpressVPN,https://expressvpn.com,exit_node,1764704456570,2025-12-02T19:40:56.570Z,France - Paris - 1,,FR,Paris,48.85341,2.3488
89.117.41.68,89.117.41.68,4,Surfshark,https://surfshark.com,exit_node,1768566056619,2026-01-16T12:20:56.619Z,ar-bua.prod.surfshark.com_udp.ovpn,,AR,buenos aires,-34.61315,-58.37723
160.238.37.69,160.238.37.69,4,NordVPN,https://nordvpn.com,exit_node,1767868991147,2026-01-08T10:43:11.147Z,kr121,,KR,,,
45.128.38.73,45.128.38.73,4,TunnelBear,https://tunnelbear.com,exit_node,1768871778089,2026-01-20T01:16:18.089Z,,,,,,
172.98.32.39,172.98.32.39,4,ExpressVPN,https://expressvpn.com,exit_node,1768494532952,2026-01-15T16:28:52.952Z,,,,,,
151.241.123.110,151.241.123.110,4,Private Internet Access,https://privateinternetaccess.com,exit_node,1768139418776,2026-01-11T13:50:18.776Z,us_atlanta,,US,,,
167.99.135.139,167.99.135.139,4,TunnelBear,https://tunnelbear.com,exit_node,1768871778022,2026-01-20T01:16:18.022Z,,,,,,
162.120.222.196,162.120.222.197,4,VPN by Google,https://support.google.com/pixelphone/answer/2819573?hl=en,vpn_server,1768871778674,2026-01-20T01:16:18.674Z,Boardman,,US,Boardman,,
185.199.103.158,185.199.103.158,4,NordVPN,https://nordvpn.com,exit_node,1768372319836,2026-01-14T06:31:59.836Z,us9331,,US,,,
213.152.162.148,213.152.162.148,4,AirVPN,https://airvpn.org,vpn_server,1768569224137,2026-01-16T13:13:44.137Z,"Alblasserdam, Netherlands",nl.vpn.airdns.org,,,,
146.70.102.162,146.70.102.162,4,IPVanish,https://ipvanish.com,vpn_server,1768569224138,2026-01-16T13:13:44.138Z,"Dubai, United Arab Emirates",dxb-c03.ipvanish.com,,,,
162.120.213.122,162.120.213.122,4,VPN by Google,https://support.google.com/pixelphone/answer/2819573?hl=en,vpn_server,1768871778601,2026-01-20T01:16:18.601Z,Saint-Jory,,FR,Saint-Jory,,
217.217.117.45,217.217.117.45,4,NordVPN,https://nordvpn.com,vpn_server,1768490963000,2026-01-15T15:29:23.000Z,,,,,,
129.227.3.136,129.227.3.136,4,Hide.me VPN,https://hide.me,exit_node,1767728456206,2026-01-06T19:40:56.206Z,,,,,,
65.20.110.2,65.20.110.2,4,TunnelBear,https://tunnelbear.com,exit_node,1768871778092,2026-01-20T01:16:18.092Z,,,,,,
167.179.98.92,167.179.98.92,4,TunnelBear,https://tunnelbear.com,exit_node,1768871778134,2026-01-20T01:16:18.134Z,,,,,,
2606:0040:20fc:6000:0000:0000:0000:0000,2606:0040:20fc:63ff:ffff:ffff:ffff:ffff,6,VPN by Google,https://support.google.com/pixelphone/answer/2819573?hl=en,vpn_server,1768871778920,2026-01-20T01:16:18.920Z,Newport News,,US,Newport News,,
191.96.106.200,191.96.106.200,4,Private Internet Access,https://privateinternetaccess.com,vpn_server,1768569224145,2026-01-16T13:13:44.145Z,,us-california.privacy.network,,,,
2606:0040:9fea:0000:0000:0000:0000:0000,2606:0040:9fea:ffff:ffff:ffff:ffff:ffff,6,VPN by Google,https://support.google.com/pixelphone/answer/2819573?hl=en,vpn_server,1768871780656,2026-01-20T01:16:20.656Z,Sainte-Genevieve-des-Bois,,FR,Sainte-Genevieve-des-Bois,,
130.195.240.7,130.195.240.7,4,ProtonVPN,https://protonvpn.com,exit_node,1768502301069,2026-01-15T18:38:21.069Z,,,,,,
104.238.190.181,104.238.190.181,4,TunnelBear,https://tunnelbear.com,exit_node,1768871778115,2026-01-20T01:16:18.115Z,,,,,,
45.150.5.54,45.150.5.54,4,Surfshark,https://surfshark.com,exit_node,1768366002526,2026-01-14T04:46:42.526Z,sa-ruh.prod.surfshark.com_udp.ovpn,,SA,riyadh,24.68773,46.72185
79.127.139.34,79.127.139.34,4,Windscribe,https://windscribe.com,vpn_server,1768569219235,2026-01-16T13:13:39.235Z,Spain,,,,,
179.48.248.3,179.48.248.3,4,NordVPN,https://nordvpn.com,vpn_server,1768569224139,2026-01-16T13:13:44.139Z,"San Jose, Costa Rica",cr48.nordvpn.com,,,,
162.120.135.13,162.120.135.13,4,VPN by Google,https://support.google.com/pixelphone/answer/2819573?hl=en,vpn_server,1768871779709,2026-01-20T01:16:19.709Z,West Babylon,,US,West Babylon,,
173.239.249.2,173.239.249.2,4,Private Internet Access,https://privateinternetaccess.com,vpn_server,1768569223709,2026-01-16T13:13:43.709Z,,,,,,
91.205.106.105,91.205.106.105,4,NordVPN,https://nordvpn.com,vpn_server,1768490963000,2026-01-15T15:29:23.000Z,,,,,,
89.251.0.156,89.251.0.156,4,ExpressVPN,https://expressvpn.com,exit_node,1764686564780,2025-12-02T14:42:44.780Z,Canada - Toronto - 2,,CA,Toronto,43.70643,-79.39864
169.150.227.214,169.150.227.214,4,MullvadVPN,https://mullvad.net,exit_node,1768554528916,2026-01-16T09:08:48.916Z,il-tlv-wg-102,,il,Tel Aviv,32.08088,34.78057
162.120.132.201,162.120.132.201,4,VPN by Google,https://support.google.com/pixelphone/answer/2819573?hl=en,vpn_server,1768871779650,2026-01-20T01:16:19.650Z,Fargo,,US,Fargo,,
2606:0040:21ad:4000:0000:0000:0000:0000,2606:0040:21ad:43ff:ffff:ffff:ffff:ffff,6,VPN by Google,https://support.google.com/pixelphone/answer/2819573?hl=en,vpn_server,1768871779071,2026-01-20T01:16:19.071Z,Almelo,,NL,Almelo,,
162.120.138.4,162.120.138.4,4,VPN by Google,https://support.google.com/pixelphone/answer/2819573?hl=en,vpn_server,1768871780881,2026-01-20T01:16:20.881Z,Lower Sackville,,CA,Lower Sackville,,
2606:0040:212e:a000:0000:0000:0000:0000,2606:0040:212e:a3ff:ffff:ffff:ffff:ffff,6,VPN by Google,https://support.google.com/pixelphone/answer/2819573?hl=en,vpn_server,1768871778961,2026-01-20T01:16:18.961Z,Suita,,JP,Suita,,
162.120.132.205,162.120.132.205,4,VPN by Google,https://support.google.com/pixelphone/answer/2819573?hl=en,vpn_server,1768871779650,2026-01-20T01:16:19.650Z,Laconia,,US,Laconia,,
173.199.70.16,173.199.70.16,4,TunnelBear,https://tunnelbear.com,exit_node,1768871778176,2026-01-20T01:16:18.176Z,,,,,,
176.67.83.29,176.67.83.29,4,IPVanish,https://ipvanish.com,vpn_server,1768569224138,2026-01-16T13:13:44.138Z,"Belgrade, Serbia",beg-c05.ipvanish.com,,,,
192.200.158.46,192.200.158.46,4,IPVanish,https://ipvanish.com,vpn_server,1768569224139,2026-01-16T13:13:44.139Z,"Phoenix, United States",phx-a33.ipvanish.com,,,,
212.30.36.231,212.30.36.231,4,ExpressVPN,https://expressvpn.com,exit_node,1764681622624,2025-12-02T13:20:22.624Z,Germany - Nuremberg,,DE,Nuremberg,49.45421,11.07752
95.173.217.65,95.173.217.65,4,ProtonVPN,https://protonvpn.com,exit_node,1768871778240,2026-01-20T01:16:18.240Z,,,,,,
91.107.129.163,91.107.129.163,4,V2Ray,,vpn_server,1768569126239,2026-01-16T13:12:06.239Z,,,,,,
31.171.130.163,31.171.130.163,4,ExpressVPN,https://expressvpn.com,exit_node,1768321856889,2026-01-13T16:30:56.889Z,,,,,,
84.239.47.88,84.239.47.88,4,Private Internet Access,https://privateinternetaccess.com,vpn_server,1768569224145,2026-01-16T13:13:44.145Z,,us-connecticut-pf.privacy.network,,,,
38.246.32.163,38.246.32.163,4,TunnelBear,https://tunnelbear.com,exit_node,1768871778114,2026-01-20T01:16:18.114Z,,,,,,
162.120.138.69,162.120.138.69,4,VPN by Google,https://support.google.com/pixelphone/answer/2819573?hl=en,vpn_server,1768871779770,2026-01-20T01:16:19.770Z,Quincy,,US,Quincy,,
98.98.72.3,98.98.72.3,4,TunnelBear,https://tunnelbear.com,exit_node,1768871778049,2026-01-20T01:16:18.049Z,,,,,,
95.181.235.173,95.181.235.173,4,Private Internet Access,https://privateinternetaccess.com,vpn_server,1768569224145,2026-01-16T13:13:44.145Z,,saudiarabia.privacy.network,,,,
178.132.109.117,178.132.109.117,4,NordVPN,https://nordvpn.com,exit_node,1767933733898,2026-01-09T04:42:13.898Z,ro93,,RO,,,
185.230.124.196,185.230.124.196,4,TunnelBear,https://tunnelbear.com,exit_node,1768871778147,2026-01-20T01:16:18.147Z,,,,,,
2606:0040:0278:0000:0000:0000:0000:0000,2606:0040:027f:ffff:ffff:ffff:ffff:ffff,6,VPN by Google,https://support.google.com/pixelphone/answer/2819573?hl=en,vpn_server,1768871779514,2026-01-20T01:16:19.514Z,FI,,FI,,,
195.154.29.29,195.154.29.29,4,Trust.Zone,https://trust.zone,vpn_server,1768569126113,2026-01-16T13:12:06.113Z,France-Marseille,,,,,
45.32.9.246,45.32.9.246,4,TunnelBear,https://tunnelbear.com,exit_node,1768871778051,2026-01-20T01:16:18.051Z,,,,,,
89.187.182.176,89.187.182.176,4,Surfshark,https://surfshark.com,exit_node,1768563766888,2026-01-16T11:42:46.888Z,us-chi.prod.surfshark.com_udp.ovpn,,US,chicago,41.85003,-87.65005
2606:0040:877a:0000:0000:0000:0000:0000,2606:0040:877a:ffff:ffff:ffff:ffff:ffff,6,VPN by Google,https://support.google.com/pixelphone/answer/2819573?hl=en,vpn_server,1768871779779,2026-01-20T01:16:19.779Z,Gloucester Township,,US,Gloucester Township,,
136.23.26.16,136.23.26.16,4,VPN by Google,https://support.google.com/pixelphone/answer/2819573?hl=en,vpn_server,1768871779454,2026-01-20T01:16:19.454Z,FM,,FM,,,
2a00:1520:27:1:cbd8:5d90:d38b:31d7,2a00:1520:27:1:cbd8:5d90:d38b:31d7,6,AirVPN,https://airvpn.org,vpn_server,1768569219730,2026-01-16T13:13:39.730Z,"Uppsala, Sweden",,,,,
162.120.240.112,162.120.240.112,4,VPN by Google,https://support.google.com/pixelphone/answer/2819573?hl=en,vpn_server,1768871778692,2026-01-20T01:16:18.692Z,Springfield,,US,Springfield,,
2606:0040:8c3f:0000:0000:0000:0000:0000,2606:0040:8c3f:ffff:ffff:ffff:ffff:ffff,6,VPN by Google,https://support.google.com/pixelphone/answer/2819573?hl=en,vpn_server,1768871779943,2026-01-20T01:16:19.943Z,Cologne,,DE,Cologne,,
216.131.75.65,216.131.75.65,4,IPVanish,https://ipvanish.com,exit_node,1768481099890,2026-01-15T12:44:59.890Z,,,,,,
185.203.218.132,185.203.218.132,4,NordVPN,https://nordvpn.com,vpn_server,1768569224140,2026-01-16T13:13:44.140Z,"Miami, United States",us9386.nordvpn.com,,,,
2607:9000:e00:2::f001,2607:9000:e00:2::f001,6,MullvadVPN,https://mullvad.net,vpn_server,1768569224139,2026-01-16T13:13:44.139Z,"Kansas City MO, USA",us-mkc-wg-001,,,,
176.110.216.7,176.110.216.7,4,ExpressVPN,https://expressvpn.com,exit_node,1768497704966,2026-01-15T17:21:44.966Z,,,,,,
89.46.62.155,89.46.62.155,4,NordVPN,https://nordvpn.com,vpn_server,1768490963000,2026-01-15T15:29:23.000Z,,,,,,
138.199.57.45,138.199.57.45,4,Surfshark,https://surfshark.com,exit_node,1766379772470,2025-12-22T05:02:52.470Z,ca-tor.prod.surfshark.com_udp.ovpn,,CA,toronto,43.70643,-79.39864
2606:0040:2284:0400:0000:0000:0000:0000,2606:0040:2284:07ff:ffff:ffff:ffff:ffff,6,VPN by Google,https://support.google.com/pixelphone/answer/2819573?hl=en,vpn_server,1768871779234,2026-01-20T01:16:19.234Z,Gottingen,,DE,Gottingen,,
180.149.228.83,180.149.228.83,4,ProtonVPN,https://protonvpn.com,exit_node,1768871778201,2026-01-20T01:16:18.201Z,,,,,,
85.12.5.192,85.12.5.192,4,Privado,https://privado.com,vpn_server,1768569224145,2026-01-16T13:13:44.145Z,"Los Angeles, United States",mex-011.vpn.privado.io,,,,
136.23.53.32,136.23.53.47,4,VPN by Google,https://support.google.com/pixelphone/answer/2819573?hl=en,vpn_server,1768871778289,2026-01-20T01:16:18.289Z,Vancouver,,CA,Vancouver,,
162.120.228.6,162.120.228.6,4,VPN by Google,https://support.google.com/pixelphone/answer/2819573?hl=en,vpn_server,1768871778686,2026-01-20T01:16:18.686Z,Szczecin,,PL,Szczecin,,
149.22.87.112,149.22.87.112,4,Private Internet Access,https://privateinternetaccess.com,exit_node,1768163011952,2026-01-11T20:23:31.952Z,japan,,JP,,,
181.214.70.50,181.214.70.50,4,NordVPN,https://nordvpn.com,vpn_server,1768569224140,2026-01-16T13:13:44.140Z,"Los Angeles, United States",us9753.nordvpn.com,,,,
216.238.116.113,216.238.116.113,4,TunnelBear,https://tunnelbear.com,exit_node,1768871778166,2026-01-20T01:16:18.166Z,,,,,,
95.181.238.55,95.181.238.55,4,Private Internet Access,https://privateinternetaccess.com,vpn_server,1768569223709,2026-01-16T13:13:43.709Z,,,,,,
193.32.126.218,193.32.126.218,4,MullvadVPN,https://mullvad.net,exit_node,1768444035991,2026-01-15T02:27:15.991Z,fr-par-wg-002,,fr,Paris,48.85341,2.3488
206.212.255.68,206.212.255.68,4,Surfshark,https://surfshark.com,exit_node,1767811323833,2026-01-07T18:42:03.833Z,us-dtw.prod.surfshark.com_udp.ovpn,,US,detroit,42.33143,-83.04575
45.87.213.229,45.87.213.229,4,ProtonVPN,https://protonvpn.com,exit_node,1768871778218,2026-01-20T01:16:18.218Z,,,,,,
2606:0040:8fe8:0000:0000:0000:0000:0000,2606:0040:8fe8:ffff:ffff:ffff:ffff:ffff,6,VPN by Google,https://support.google.com/pixelphone/answer/2819573?hl=en,vpn_server,1768871780072,2026-01-20T01:16:20.072Z,Bietigheim-Bissingen,,DE,Bietigheim-Bissingen,,
2606:0040:a6e4:0000:0000:0000:0000:0000,2606:0040:a6e4:ffff:ffff:ffff:ffff:ffff,6,VPN by Google,https://support.google.com/pixelphone/answer/2819573?hl=en,vpn_server,1768871780914,2026-01-20T01:16:20.914Z,Vaughan,,CA,Vaughan,,
2606:0040:a1c7:0000:0000:0000:0000:0000,2606:0040:a1c7:ffff:ffff:ffff:ffff:ffff,6,VPN by Google,https://support.google.com/pixelphone/answer/2819573?hl=en,vpn_server,1768871780726,2026-01-20T01:16:20.726Z,Oss,,NL,Oss,,
45.91.22.69,45.91.22.69,4,ExpressVPN,https://expressvpn.com,exit_node,1764689547907,2025-12-02T15:32:27.907Z,France - Paris - 1,,FR,Paris,48.85341,2.3488
2606:0040:96b1:0000:0000:0000:0000:0000,2606:0040:96b1:ffff:ffff:ffff:ffff:ffff,6,VPN by Google,https://support.google.com/pixelphone/answer/2819573?hl=en,vpn_server,1768871780317,2026-01-20T01:16:20.317Z,Nanterre,,FR,Nanterre,,
191.96.67.183,191.96.67.183,4,Private Internet Access,https://privateinternetaccess.com,vpn_server,1768569224145,2026-01-16T13:13:44.145Z,,us-houston.privacy.network,,,,
2606:0040:a133:0000:0000:0000:0000:0000,2606:0040:a133:ffff:ffff:ffff:ffff:ffff,6,VPN by Google,https://support.google.com/pixelphone/answer/2819573?hl=en,vpn_server,1768871780705,2026-01-20T01:16:20.705Z,Vichy,,FR,Vichy,,
185.147.213.96,185.147.213.96,4,IPVanish,https://ipvanish.com,exit_node,1768499311490,2026-01-15T17:48:31.490Z,,,,,,
169.150.196.152,169.150.196.152,4,ProtonVPN,https://protonvpn.com,exit_node,1768871778241,2026-01-20T01:16:18.241Z,,,,,,
93.152.220.230,93.152.220.230,4,Surfshark,https://surfshark.com,exit_node,1768468533946,2026-01-15T09:15:33.946Z,us-slc.prod.surfshark.com_udp.ovpn,,US,salt lake city,40.76078,-111.89105
68.168.116.2,68.168.116.2,4,Trust.Zone,https://trust.zone,vpn_server,1768569126113,2026-01-16T13:12:06.113Z,Canada-Quebec,,,,,
212.102.51.67,212.102.51.67,4,ProtonVPN,https://protonvpn.com,exit_node,1768871778235,2026-01-20T01:16:18.235Z,,,,,,
217.216.124.34,217.216.124.34,4,NordVPN,https://nordvpn.com,exit_node,1767890624471,2026-01-08T16:43:44.471Z,fr1062,,FR,,,
164.92.177.194,164.92.177.194,4,TunnelBear,https://tunnelbear.com,exit_node,1768871778164,2026-01-20T01:16:18.164Z,,,,,,
62.106.78.125,62.106.78.125,4,NordVPN,https://nordvpn.com,exit_node,1765947754489,2025-12-17T05:02:34.489Z,us11584,,US,,,
85.203.47.249,85.203.47.249,4,ExpressVPN,https://expressvpn.com,exit_node,1768418878684,2026-01-14T19:27:58.684Z,,,,,,
193.29.61.26,193.29.61.26,4,NordVPN,https://nordvpn.com,vpn_server,1768569224145,2026-01-16T13:13:44.145Z,"Seattle, United States",us9954.nordvpn.com,,,,
162.120.168.110,162.120.168.110,4,VPN by Google,https://support.google.com/pixelphone/answer/2819573?hl=en,vpn_server,1768871780347,2026-01-20T01:16:20.347Z,Stockport,,GB,Stockport,,
146.70.98.182,146.70.98.182,4,ProtonVPN,https://protonvpn.com,exit_node,1768543486909,2026-01-16T06:04:46.909Z,,,,,,
45.154.152.10,45.154.152.10,4,Private Internet Access,https://privateinternetaccess.com,vpn_server,1768569224145,2026-01-16T13:13:44.145Z,,pe-peru-pf.privacy.network,,,,
169.150.232.148,169.150.232.148,4,NordVPN,https://nordvpn.com,vpn_server,1768569224140,2026-01-16T13:13:44.140Z,"Chicago, United States",us9888.nordvpn.com,,,,
45.14.195.106,45.14.195.106,4,NordVPN,https://nordvpn.com,vpn_server,1768569224140,2026-01-16T13:13:44.140Z,"Buffalo, United States",us9015.nordvpn.com,,,,
155.2.194.80,155.2.194.80,4,Private Internet Access,https://privateinternetaccess.com,vpn_server,1768569224145,2026-01-16T13:13:44.145Z,,ireland.privacy.network,,,,
162.120.197.72,162.120.197.72,4,VPN by Google,https://support.google.com/pixelphone/answer/2819573?hl=en,vpn_server,1768871778392,2026-01-20T01:16:18.392Z,Heroica Veracruz,,MX,Heroica Veracruz,,
5.182.32.69,5.182.32.69,4,NordVPN,https://nordvpn.com,exit_node,1767895486043,2026-01-08T18:04:46.043Z,us10027,,US,,,
91.200.133.14,91.200.133.14,4,ExpressVPN,https://expressvpn.com,exit_node,1768362270770,2026-01-14T03:44:30.770Z,,,,,,
46.173.252.7,46.173.252.7,4,ExpressVPN,https://expressvpn.com,exit_node,1768548913888,2026-01-16T07:35:13.888Z,,,,,,
162.120.192.228,162.120.192.228,4,VPN by Google,https://support.google.com/pixelphone/answer/2819573?hl=en,vpn_server,1768871778338,2026-01-20T01:16:18.338Z,NF,,NF,,,